objective,seed,epoch,pre_update_training_energy_normalized_MSE,pre_update_training_gradient_normalized_MSE,pre_update_total_loss,gradient_norm_before_clip,learning_rate,validation_energy_RMSE_Hartree,validation_gradient_RMSE_Hartree_A,selection_score,new_best_checkpoint
energy_only,7301,1,1.3305354888173113,-0.0,1.3305354888173113,2.905096203791067,0.003,0.10353909430528571,0.3312112903444644,2.1439147442748396,True
energy_only,7301,2,1.24021498711002,-0.0,1.24021498711002,2.4798804539925148,0.0029998242012863664,0.09942225280374127,0.3311579425370662,2.0998131512039664,True
energy_only,7301,3,1.1649334497177313,-0.0,1.1649334497177313,2.0726355841777373,0.0029992968485211676,0.0957825728879389,0.33109718540955285,2.060780505322567,True
energy_only,7301,4,1.1036413517287216,-0.0,1.1036413517287216,1.6741996375894523,0.0029984180718208076,0.09263890795579625,0.3310225376371047,2.0269976759666175,True
energy_only,7301,5,1.0556049888217227,-0.0,1.0556049888217227,1.2779547531100819,0.0029971880880102874,0.09002152817126328,0.33092868107623546,1.9987710190370294,True
energy_only,7301,6,1.0203821490035796,-0.0,1.0203821490035796,0.8788869578923958,0.002995607200569708,0.08796739537688264,0.3308096269718958,1.9764761993038462,True
energy_only,7301,7,0.9976543258770973,-0.0,0.9976543258770973,0.47591344005632574,0.0029936757995593895,0.08650526792650763,0.33065883156485654,1.9603995942994368,True
energy_only,7301,8,0.9868632195964819,-0.0,0.9868632195964819,0.10215344688126801,0.002991394361523632,0.08562569162151007,0.330471268978444,1.9504245449260322,True
energy_only,7301,9,0.9865232658914709,-0.0,0.9865232658914709,0.34997730896465645,0.0029887634493731318,0.08523267332208381,0.33024832362998074,1.9455309710630577,True
energy_only,7301,10,0.9932205865783624,-0.0,0.9932205865783624,0.7024440082166489,0.002985783712246095,0.08511934496528108,0.33000227099455104,1.9435497175294092,True
energy_only,7301,11,1.001449042151516,-0.0,1.001449042151516,0.9754920816809005,0.002982455885348072,0.08504836870250594,0.3297517091172096,1.9420062936565574,True
energy_only,7301,12,1.0058764633154487,-0.0,1.0058764633154487,1.137391135531835,0.0029787807897705535,0.08487533616876569,0.32951096595111784,1.939404542115628,True
energy_only,7301,13,1.0039491165478804,-0.0,1.0039491165478804,1.1863980318570801,0.002974759332288382,0.08457734317597998,0.3292852994833455,1.9355165267743724,True
energy_only,7301,14,0.9960480974906171,-0.0,0.9960480974906171,1.1417532310787617,0.002970392505136017,0.08420354531236737,0.329072030043725,1.9308584221598017,True
energy_only,7301,15,0.9841050576970849,-0.0,0.9841050576970849,1.0308507957121544,0.002965681385762716,0.08381894289968331,0.328862973405093,1.9260982281502552,True
energy_only,7301,16,0.9702838042954878,-0.0,0.9702838042954878,0.8810879720913147,0.0029606271365666898,0.08346956436924216,0.32864643569803564,1.9216904705122544,True
energy_only,7301,17,0.9562307505286133,-0.0,0.9562307505286133,0.7166471313148943,0.0029552310046083,0.08316898774368511,0.3284088702855206,1.917737557773253,True
energy_only,7301,18,0.9428119530550485,-0.0,0.9428119530550485,0.5586398592727896,0.002949494321302363,0.08289878862049045,0.3281360156638846,1.913998131460863,True
energy_only,7301,19,0.9301448353421388,-0.0,0.9301448353421388,0.42789003204829673,0.0029434185020896448,0.08261531231218033,0.32781329294816863,1.9099605841130876,True
energy_only,7301,20,0.917756984577337,-0.0,0.917756984577337,0.34784733970330517,0.002937005046087621,0.08225834605241979,0.32742621828204854,1.9049369012924395,True
energy_only,7301,21,0.9047760217000497,-0.0,0.9047760217000497,0.3344682457022552,0.0029302555357205947,0.08175865585623178,0.3269608896169337,1.8981446206629033,True
energy_only,7301,22,0.8901004077464956,-0.0,0.8901004077464956,0.37382555064206036,0.0029231716363292528,0.08104275910571956,0.32640465479074665,1.8887598599000586,True
energy_only,7301,23,0.8725256842230508,-0.0,0.8725256842230508,0.43661213172470464,0.002915755095759772,0.08003524522961264,0.3257476972237255,1.8759470566999652,True
energy_only,7301,24,0.8508313040409715,-0.0,0.8508313040409715,0.504737438262755,0.002908007743932562,0.07865969385877425,0.3249865949629551,1.858879931398924,True
energy_only,7301,25,0.823847668478047,-0.0,0.823847668478047,0.5725740304567466,0.002899931492390759,0.07683984071965975,0.3241316067230926,1.8367767844687002,True
energy_only,7301,26,0.7905313081765267,-0.0,0.7905313081765267,0.6416596941257666,0.002891528333828584,0.07450342865993866,0.3232207680136509,1.808985811569487,True
energy_only,7301,27,0.7500838443657792,-0.0,0.7500838443657792,0.7175415934313933,0.0028828003415996735,0.0715927103892972,0.32234625496445424,1.7751798866273472,True
energy_only,7301,28,0.7021622696369225,-0.0,0.7021622696369225,0.8080714883610295,0.0028737496692055097,0.06808940362058581,0.3217020058414042,1.73577226087956,True
energy_only,7301,29,0.6472558636182925,-0.0,0.6472558636182925,0.9229140919574019,0.0028643785497640783,0.06407094019810902,0.3216641075699171,1.6927690053229214,True
energy_only,7301,30,0.5873356899411978,-0.0,0.5873356899411978,1.07610616345098,0.0028546892954588775,0.059811887106750075,0.3229018031679452,1.6511995734101044,True
energy_only,7301,31,0.526579153527682,-0.0,0.526579153527682,1.2910230217709853,0.0028446842969684243,0.05579287356459359,0.3263931241416863,1.619261106102024,True
energy_only,7301,32,0.4700197041290046,-0.0,0.4700197041290046,1.5776547763445008,0.0028343660228763888,0.05215517217275883,0.33282676764354974,1.6006215861857631,True
energy_only,7301,33,0.41662280454269884,-0.0,0.41662280454269884,1.8325132056683582,0.0028237370190625057,0.048313603432798356,0.34139451415514926,1.5865008055411995,True
energy_only,7301,34,0.3589975115579587,-0.0,0.3589975115579587,1.8397160885264328,0.002812799908074423,0.044035142459961735,0.3500453340484589,1.5679781729553994,True
energy_only,7301,35,0.29711621081892714,-0.0,0.29711621081892714,1.450778452538388,0.00280155738848062,0.04075866232662922,0.3574349747438335,1.556192373586002,True
energy_only,7301,36,0.24711554449192322,-0.0,0.24711554449192322,0.7410786190395215,0.002790012234204582,0.04086568910068624,0.3637576234676551,1.5771677957143742,False
energy_only,7301,37,0.23006913633369153,-0.0,0.23006913633369153,0.44158339404143826,0.002778167293840372,0.044238651051397695,0.37024973511812487,1.633528316594815,False
energy_only,7301,38,0.24825519183132555,-0.0,0.24825519183132555,1.1187387987540884,0.0027660254899497857,0.047674496405604984,0.37753634220123516,1.6930521379319936,False
energy_only,7301,39,0.2767331766785724,-0.0,0.2767331766785724,1.582237496410687,0.002753589818341251,0.04910998462807476,0.3839073010427598,1.7283562219148105,False
energy_only,7301,40,0.29184983383122615,-0.0,0.29184983383122615,1.7218208999771158,0.0027408633473306587,0.04845203039138632,0.38588318912278163,1.7275327236065463,False
energy_only,7301,41,0.2870336547831923,-0.0,0.2870336547831923,1.6710340492694498,0.0027278492169843004,0.046056400759436754,0.3809355204785784,1.6864468290121297,False
energy_only,7301,42,0.26374613910064704,-0.0,0.26374613910064704,1.5331800120699122,0.0027145506383441046,0.04240063386399853,0.3699301606124083,1.6129108427247933,False
energy_only,7301,43,0.22856736347518347,-0.0,0.22856736347518347,1.2772431702325475,0.0027009708926353593,0.038387318829126944,0.35598516108240263,1.5263379303858322,True
energy_only,7301,44,0.1928675482065752,-0.0,0.1928675482065752,0.9068765168140231,0.00268711333045712,0.03510317941568274,0.34216183734668604,1.4479283388109485,True
energy_only,7301,45,0.16655355346027675,-0.0,0.16655355346027675,0.5262722092487886,0.0026729813709555,0.033193221144036625,0.33030251431214946,1.3903445710757347,True
energy_only,7301,46,0.1528450005096618,-0.0,0.1528450005096618,0.3205154846442732,0.0026585785009800443,0.032515881570535074,0.32094669536848364,1.3537682417329309,True
energy_only,7301,47,0.1487392959832962,-0.0,0.1487392959832962,0.4069873748531904,0.002643908274223405,0.032456305193592404,0.31380479666990346,1.3307293316590905,True
energy_only,7301,48,0.14886355613057556,-0.0,0.14886355613057556,0.5504134021756121,0.002628974310344519,0.03243455728597819,0.308293563039212,1.3132092852170625,True
energy_only,7301,49,0.1486456210681291,-0.0,0.1486456210681291,0.651616061522816,0.0026137802940755113,0.032110271765320685,0.3038631271678683,1.2958509165459826,True
energy_only,7301,50,0.14537662029920717,-0.0,0.14537662029920717,0.7081926838578292,0.002598329974312544,0.0313426028845282,0.30011672117525007,1.2759065387969764,True
energy_only,7301,51,0.13798140257086006,-0.0,0.13798140257086006,0.7270263544541181,0.00258262716319083,0.030106812098719776,0.29682697693433757,1.2523989248385734,True
energy_only,7301,52,0.12655215529201372,-0.0,0.12655215529201372,0.7071266756867147,0.0025666757351440472,0.028457730215964976,0.29392940810842605,1.225710935475155,True
energy_only,7301,53,0.11217042008449576,-0.0,0.11217042008449576,0.6361659082654528,0.002550479625948381,0.026559007349653788,0.29152710599139026,1.197912400262736,True
energy_only,7301,54,0.09708400264935745,-0.0,0.09708400264935745,0.4929472901514828,0.0025340428317514262,0.024756604714587058,0.28989521480786107,1.1735584481282408,True
energy_only,7301,55,0.08489210496857617,-0.0,0.08489210496857617,0.2628644992896362,0.002517369408086203,0.023569884988953314,0.2894017961239026,1.1593461880994047,True
energy_only,7301,56,0.07979993366568695,-0.0,0.07979993366568695,0.18714675903637779,0.002500463468870511,0.02331864763103659,0.29016603346852743,1.1590623286540767,True
energy_only,7301,57,0.08353687105823374,-0.0,0.08353687105823374,0.5633105241771534,0.0024833291853918822,0.023519338847189878,0.29144906068969906,1.1652287459614183,False
energy_only,7301,58,0.09088811845538482,-0.0,0.09088811845538482,0.8834681522160168,0.0024659707852783793,0.023271193511925477,0.2917343173013556,1.1634753896040135,False
energy_only,7301,59,0.09238255852090765,-0.0,0.09238255852090765,0.9454666212164189,0.0024483925514554913,0.02255963600049423,0.2901740809805792,1.1509875265269505,True
energy_only,7301,60,0.08615693103093015,-0.0,0.08615693103093015,0.739374796839342,0.0024305988210893844,0.022207594871662864,0.2872899200242768,1.1381833991959036,True
energy_only,7301,61,0.07902808864990775,-0.0,0.07902808864990775,0.4701884628516103,0.002412593984516774,0.022599984364794264,0.2841207540116126,1.1324296914484038,True
energy_only,7301,62,0.07608883117361809,-0.0,0.07608883117361809,0.41215115831687843,0.0023943824841616713,0.02332489258836312,0.2813641839430247,1.1315188231706956,True
energy_only,7301,63,0.0765980709736598,-0.0,0.0765980709736598,0.48927338024895073,0.0023759688134392856,0.02390751819789889,0.2792284249090628,1.1310369344299889,True
energy_only,7301,64,0.0777902414920184,-0.0,0.0777902414920184,0.5115963781592764,0.002357357515647337,0.02421270541962064,0.27767288762235454,1.1294143424375649,True
energy_only,7301,65,0.07827838246784805,-0.0,0.07827838246784805,0.47291724853841594,0.002338553182845069,0.024308225829919147,0.276624427706146,1.1271448506867612,True
energy_only,7301,66,0.07818834605619099,-0.0,0.07818834605619099,0.4290966577220834,0.002319560454720226,0.024269411135561907,0.27605650037796964,1.1249491194287091,True
energy_only,7301,67,0.07807258353441435,-0.0,0.07807258353441435,0.43139329079739275,0.002300384017444278,0.024102764833769493,0.27596998769660563,1.1228993197983304,True
energy_only,7301,68,0.07813525162347724,-0.0,0.07813525162347724,0.4794593054978564,0.00228102860251618,0.023762235877016792,0.27632812408409124,1.1203886742755642,True
energy_only,7301,69,0.07801384995066343,-0.0,0.07801384995066343,0.5261728702280569,0.002261498985594943,0.023221440270351425,0.2770036123325752,1.1167363040058,True
energy_only,7301,70,0.07710402227514059,-0.0,0.07710402227514059,0.5209826129958917,0.0022417999853213163,0.02256693895228376,0.2777940895583258,1.1122311893476788,True
energy_only,7301,71,0.07527700632034051,-0.0,0.07527700632034051,0.43372116373268427,0.0022219364621288533,0.02202539372111297,0.27850298688975644,1.108675618753267,True
energy_only,7301,72,0.07331739493783766,-0.0,0.07331739493783766,0.26810783211839445,0.002201913317044678,0.021828869683644055,0.2790110618286982,1.1081721057255314,True
energy_only,7301,73,0.07237890093775172,-0.0,0.07237890093775172,0.09807277479364047,0.002181735490480228,0.021990883212165156,0.2792820916530796,1.1107512692146198,False
energy_only,7301,74,0.07283619334187477,-0.0,0.07283619334187477,0.2084482088487676,0.0021614079610122795,0.022259134282130697,0.27932407685202043,1.1137457016695522,False
energy_only,7301,75,0.07382007903743354,-0.0,0.07382007903743354,0.3525330204795575,0.002140935744154562,0.022337309748416825,0.2791557214779886,1.1140518703848636,False
energy_only,7301,76,0.07405018474877553,-0.0,0.07405018474877553,0.406147755407693,0.0021203238911202526,0.022126362609314384,0.2787970143092841,1.110675464168544,False
energy_only,7301,77,0.0730421556100691,-0.0,0.0730421556100691,0.3602398874185247,0.002099577487575666,0.021762938370486,0.27827320167407266,1.1051539352986959,True
energy_only,7301,78,0.07139454785078068,-0.0,0.07139454785078068,0.2413438793027046,0.0020787016523854413,0.02147268528300063,0.2776205256573435,1.100009050692507,True
energy_only,7301,79,0.07005072015681468,-0.0,0.07005072015681468,0.10792652102207724,0.0020577015363495406,0.021388499531448706,0.27689057166901454,1.0968208724513768,True
energy_only,7301,80,0.06946357249080527,-0.0,0.06946357249080527,0.11909090141962618,0.0020365823209323635,0.02148273796021969,0.27615035663577414,1.0955046199823588,True
energy_only,7301,81,0.06941351662749967,-0.0,0.06941351662749967,0.21095946713762523,0.002015349216984301,0.0216405947122572,0.27547324781594046,1.095065246910327,True
energy_only,7301,82,0.06942045581304555,-0.0,0.06942045581304555,0.2611990666525285,0.001994007463456034,0.021766645880207963,0.27492172387569547,1.0946803918419739,True
energy_only,7301,83,0.06919896245400847,-0.0,0.06919896245400847,0.2621871338906927,0.0019725623261059025,0.021828272891438932,0.27453183516410684,1.0941150396088677,True
energy_only,7301,84,0.06877685177365811,-0.0,0.06877685177365811,0.22819085129715025,0.0019510190962006568,0.021835992869664162,0.27430880562848864,1.0934978139881522,True
energy_only,7301,85,0.06832933281209828,-0.0,0.06832933281209828,0.18277884233513308,0.0019293830892099185,0.021806446247060133,0.27423407157992624,1.0929480672545944,True
energy_only,7301,86,0.0679763578300554,-0.0,0.0679763578300554,0.15213759654615544,0.001907659643494666,0.02174183210024852,0.27427679386326204,1.0923925295431491,True
energy_only,7301,87,0.06770601234314565,-0.0,0.06770601234314565,0.1470111392769544,0.001885854118990074,0.021633595245979482,0.2744027805851737,1.091632646251027,True
energy_only,7301,88,0.06743257759087683,-0.0,0.06743257759087683,0.14952334790550378,0.0018639718958830312,0.021479352265926906,0.274577903461116,1.0905359263570948,True
energy_only,7301,89,0.06710407179353768,-0.0,0.06710407179353768,0.1390488751239961,0.0018420183732846586,0.02129560282127798,0.2747671938304002,1.0891687597872954,True
energy_only,7301,90,0.06676057126122177,-0.0,0.06676057126122177,0.11062047358799838,0.0018199989678981592,0.021114740726276737,0.2749331073434862,1.0877590766587875,True
energy_only,7301,91,0.0664975024080888,-0.0,0.0664975024080888,0.07796965818376726,0.0017979191126823299,0.020968503213867676,0.27503678071766396,1.0865236628563308,True
energy_only,7301,92,0.06637157134784046,-0.0,0.06637157134784046,0.07623470827214872,0.0017757842555110564,0.02087180563880954,0.2750442543188614,1.0855151660239077,True
energy_only,7301,93,0.06633873956460391,-0.0,0.06633873956460391,0.10586302468181799,0.0017535998578291348,0.02082043244763979,0.27493579674259183,1.0846267038645623,True
energy_only,7301,94,0.066284401762025,-0.0,0.066284401762025,0.1304823640865612,0.0017313713933047406,0.020802289950426114,0.27471292713835904,1.0837339798844536,True
energy_only,7301,95,0.06611699335086182,-0.0,0.06611699335086182,0.13423622880936578,0.001709104346478884,0.02080925407154758,0.2743980560070889,1.082820593853563,True
energy_only,7301,96,0.06583661087949154,-0.0,0.06583661087949154,0.1158595262608529,0.0016868042114121802,0.020838937967965678,0.27402642319699816,1.0819716161734232,True
energy_only,7301,97,0.0655220443459165,-0.0,0.0655220443459165,0.08248252729977112,0.0016644764903292726,0.020888069880878376,0.2736349957940285,1.0812680916707342,True
energy_only,7301,98,0.06526084150978043,-0.0,0.06526084150978043,0.048854033370691226,0.0016421266922612416,0.020946611472797846,0.2732538920297051,1.080697369485952,True
energy_only,7301,99,0.0650888263157473,-0.0,0.0650888263157473,0.04316526279264624,0.0016197603316863338,0.0209985879147412,0.27290294970489276,1.0801511972590676,True
energy_only,7301,100,0.06498019908670279,-0.0,0.06498019908670279,0.06309758532390052,0.0015973829271693455,0.021028232000259696,0.2725925807717409,1.0794939707958875,True
energy_only,7301,101,0.06488015378527075,-0.0,0.06488015378527075,0.07929840804326968,0.0015750000000000009,0.021026226515775463,0.2723264588650017,1.0786377820109034,True
energy_only,7301,102,0.06474574079674589,-0.0,0.06474574079674589,0.08414234466374701,0.0015526170728306567,0.020992165533699217,0.2721039505171246,1.0775763118146708,True
energy_only,7301,103,0.06456706031856595,-0.0,0.06456706031856595,0.07890497159771329,0.0015302396683136682,0.020932779755372055,0.27192140550068805,1.0763699388892658,True
energy_only,7301,104,0.06436241946307099,-0.0,0.06436241946307099,0.06883140993328463,0.0015078733077387603,0.02085794788550242,0.2717724907091384,1.07510422107531,True
energy_only,7301,105,0.06415862448253574,-0.0,0.06415862448253574,0.06120992949370093,0.0014855235096707295,0.02077704470252435,0.27164827749192283,1.0738511965434157,True
energy_only,7301,106,0.06397268475138285,-0.0,0.06397268475138285,0.06079827826600022,0.0014631957885878222,0.020697180776738638,0.2715377660187181,1.0726522432146572,True
energy_only,7301,107,0.06380544782614019,-0.0,0.06380544782614019,0.06485054122456195,0.0014408956535211183,0.020623317683439498,0.2714291270619234,1.07152320359106,True
energy_only,7301,108,0.0636474579323157,-0.0,0.0636474579323157,0.06734921775639063,0.0014186286066952616,0.020559105789204103,0.27131143043324824,1.0704687473315517,True
energy_only,7301,109,0.06348954104514941,-0.0,0.06348954104514941,0.06495954205406006,0.0013964001421708676,0.020507225955621666,0.2711762981426671,1.0694912035820094,True
energy_only,7301,110,0.06332949530830866,-0.0,0.06332949530830866,0.058027984488529395,0.0013742157444889462,0.02046888272849108,0.2710189362677364,1.0685883892019217,True
energy_only,7301,111,0.06317125001058281,-0.0,0.06317125001058281,0.049854769557895515,0.0013520808873176723,0.020443076524543607,0.2708383026025159,1.0677463675528356,True
energy_only,7301,112,0.06301927068287948,-0.0,0.06301927068287948,0.04507802213940137,0.0013300010321018426,0.0204265599002044,0.27063653041344354,1.0669371742099467,True
energy_only,7301,113,0.06287385022549041,-0.0,0.06287385022549041,0.04567180260549359,0.0013079816267153438,0.020414823218481655,0.27041794306339434,1.0661262448511537,True
energy_only,7301,114,0.06273087161682915,-0.0,0.06273087161682915,0.04856445356616636,0.0012860281041169712,0.020403637257698184,0.2701880024602622,1.0652855791538693,True
energy_only,7301,115,0.06258535423029088,-0.0,0.06258535423029088,0.04968973462892086,0.0012641458810099286,0.020390297882328795,0.26995241458886254,1.0644042178961648,True
energy_only,7301,116,0.06243536193753414,-0.0,0.06243536193753414,0.04726665296153374,0.0012423403565053359,0.02037398554494548,0.26971647889740813,1.0634900386196755,True
energy_only,7301,117,0.0622832948145369,-0.0,0.0622832948145369,0.04202334291683369,0.001220616910790083,0.02035525230286904,0.2694846792728468,1.0625629981043123,True
energy_only,7301,118,0.06213405977357184,-0.0,0.06213405977357184,0.03678932195756085,0.0011989809037993447,0.020335113507755513,0.26926047819509713,1.0616447933215256,True
energy_only,7301,119,0.06199184676032704,-0.0,0.06199184676032704,0.03533941654339813,0.0011774376738940995,0.020314300339344206,0.26904626891783573,1.060750734596566,True
energy_only,7301,120,0.06185778644967462,-0.0,0.06185778644967462,0.03890936082096822,0.0011559925365439681,0.020292981451832413,0.2688434414674015,1.0598869820940189,True
energy_only,7301,121,0.06172973399347229,-0.0,0.06172973399347229,0.04478384738233976,0.0011346507830157014,0.020270920133763484,0.268652519044018,1.0590526508732623,True
energy_only,7301,122,0.06160388480825751,-0.0,0.06160388480825751,0.04979916007090464,0.001113417679067638,0.020247814758229097,0.2684733243203417,1.0582439657713727,True
energy_only,7301,123,0.06147694556949056,-0.0,0.06147694556949056,0.05225836041905291,0.001092298463650461,0.020223557642659706,0.26830514372739644,1.057457539253425,True
energy_only,7301,124,0.06134757758490896,-0.0,0.06134757758490896,0.05178340418399144,0.00107129834761456,0.02019828388215083,0.2681468714552821,1.0566913442633876,True
energy_only,7301,125,0.061216536913075874,-0.0,0.061216536913075874,0.04890446184604725,0.0010504225124243355,0.020172246031604196,0.2679971289562822,1.0559437517170132,True
energy_only,7301,126,0.06108576753046395,-0.0,0.06108576753046395,0.04471352425965977,0.0010296761088797487,0.02014564402617751,0.26785436526560413,1.0552120301330312,True
energy_only,7301,127,0.06095717429105349,-0.0,0.06095717429105349,0.040510225456613064,0.0010090642558454389,0.02011853254940148,0.26771694638385923,1.054491637461215,True
energy_only,7301,128,0.06083176374610789,-0.0,0.06083176374610789,0.037362938463701124,0.0009885920389877214,0.02009085341563546,0.2675832396905684,1.0537768314557356,True
energy_only,7301,129,0.060709460968935175,-0.0,0.060709460968935175,0.03566996212467254,0.0009682645095197729,0.02006255782189409,0.26745169502387794,1.0530622286618871,True
energy_only,7301,130,0.06058948634291751,-0.0,0.06058948634291751,0.0350825987543959,0.0009480866829553223,0.020033739046506217,0.2673209203800079,1.052344458012538,True
energy_only,7301,131,0.06047093771410295,-0.0,0.06047093771410295,0.03494309007917055,0.0009280635378711473,0.020004703511233877,0.26718974828201,1.0516231273806176,True
energy_only,7301,132,0.06035323440343026,-0.0,0.06035323440343026,0.03478818432039287,0.0009082000146786845,0.019975950008832937,0.2670572884700878,1.0509007671811368,True
energy_only,7301,133,0.06023625719054683,-0.0,0.06023625719054683,0.034528053226567705,0.0008885010144050569,0.019948073738922524,0.2669229629211459,1.0501819161092776,True
energy_only,7301,134,0.060120221005698374,-0.0,0.060120221005698374,0.0343410859948711,0.0008689713974838204,0.0199216400711523,0.26678651988165675,1.0494718179809925,True
energy_only,7301,135,0.06000543546268055,-0.0,0.06000543546268055,0.03445631876838129,0.0008496159825557221,0.01989707489737596,0.2666480247052691,1.048775222848497,True
energy_only,7301,136,0.0598921108411192,-0.0,0.0598921108411192,0.0349657300234744,0.0008304395452797741,0.019874600873315437,0.26650782715075344,1.048095604000205,True
energy_only,7301,137,0.05978029058128369,-0.0,0.05978029058128369,0.03576626755263093,0.0008114468171549305,0.019854225348675814,0.2663665074680761,1.0474348600326,True
energy_only,7301,138,0.05966990019492546,-0.0,0.05966990019492546,0.03663695825266398,0.0007926424843526631,0.019835768090569778,0.2662248066019289,1.0467933917684111,True
energy_only,7301,139,0.05956084701511618,-0.0,0.05956084701511618,0.03736260932543363,0.0007740311865607148,0.019818910103038257,0.26608354831132647,1.046170378950675,True
energy_only,7301,140,0.059453101009948946,-0.0,0.059453101009948946,0.03781808112364036,0.0007556175158383291,0.01980324736138395,0.26594356211726106,1.045564111984364,True
energy_only,7301,141,0.05934671884080496,-0.0,0.05934671884080496,0.03798872574135083,0.0007374060154832269,0.019788340080335094,0.2658056153689921,1.0449723046196533,True
energy_only,7301,142,0.05924181367569292,-0.0,0.05924181367569292,0.037943975597635224,0.0007194011789106164,0.01977375440088614,0.2656703605853312,1.0443923736440572,True
energy_only,7301,143,0.0591384996099697,-0.0,0.0591384996099697,0.03779000207101452,0.0007016074485445093,0.019759096662190983,0.2655383012590173,1.0438216973595662,True
energy_only,7301,144,0.059036843910119485,-0.0,0.059036843910119485,0.03762358030273785,0.000684029214721621,0.01974404080220989,0.2654097763266788,1.0432578592822779,True
energy_only,7301,145,0.05893684778519518,-0.0,0.05893684778519518,0.03750275771593471,0.0006666708146081179,0.01972834840008342,0.2652849611516896,1.0426988651143616,True
energy_only,7301,146,0.05883845815001232,-0.0,0.05883845815001232,0.03744084638633829,0.0006495365311294892,0.01971188001771771,0.26516388145617403,1.0421433074822917,True
energy_only,7301,147,0.05874159880835362,-0.0,0.05874159880835362,0.03741967716506443,0.0006326305919137971,0.019694596666435367,0.26504643615393214,1.0415904532123417,True
energy_only,7301,148,0.05864620438516831,-0.0,0.05864620438516831,0.03741086339910532,0.0006159571682485736,0.019676551389513415,0.26493242524434396,1.0410402410000403,True
energy_only,7301,149,0.058552243510143244,-0.0,0.058552243510143244,0.03739368475885484,0.0005995203740516193,0.019657872532344134,0.26482157952402363,1.0404931960733432,True
energy_only,7301,150,0.05845972534026834,-0.0,0.05845972534026834,0.037363411969679815,0.0005833242648559529,0.01963874158713271,0.26471358959649827,1.0399502847541635,True
energy_only,7301,151,0.05836869116138016,-0.0,0.05836869116138016,0.03732990334710658,0.0005673728368091707,0.01961936909912215,0.26460813234603514,1.0394127403782398,True
energy_only,7301,152,0.05827919760044391,-0.0,0.05827919760044391,0.03731009578560414,0.0005516700256874569,0.019599971909774687,0.26450489362351765,1.038881891600517,True
energy_only,7301,153,0.05819129903920019,-0.0,0.05819129903920019,0.0373191050988305,0.0005362197059244897,0.01958075418488878,0.2644035863706847,1.0383590167835228,True
energy_only,7301,154,0.05810503494064982,-0.0,0.05810503494064982,0.03736376710130731,0.000521025689655482,0.01956189356926902,0.26430396381279087,1.037845237625808,True
energy_only,7301,155,0.058020424570471824,-0.0,0.058020424570471824,0.037440506901823746,0.000506091725776596,0.01954353275025044,0.2642058277049232,1.037341454996799,True
energy_only,7301,156,0.05793746854745274,-0.0,0.05793746854745274,0.03753732680738136,0.0004914214990199567,0.019525775916986385,0.2641090319324528,1.0368483224450133,True
energy_only,7301,157,0.05785615474418069,-0.0,0.05785615474418069,0.03763824987961961,0.0004770186290445012,0.019508689149878095,0.2640134820322736,1.0363662488521816,True
energy_only,7301,158,0.05777646552976581,-0.0,0.05777646552976581,0.03772814457066448,0.0004628866695428811,0.019492303631142963,0.2639191314003416,1.0358954207994868,True
energy_only,7301,159,0.05769838390715207,-0.0,0.05769838390715207,0.037796333539491765,0.0004490291073646419,0.019476620638150737,0.26382597506622857,1.03543583632728,True
energy_only,7301,160,0.05762189720486699,-0.0,0.05762189720486699,0.03783826401885712,0.0004354493616558968,0.019461617459856848,0.2637340419406528,1.0349873437558794,True
energy_only,7301,161,0.05754699811072913,-0.0,0.05754699811072913,0.037855317835945985,0.0004221507830157008,0.019447253580422475,0.2636433863841282,1.0345496812281878,True
energy_only,7301,162,0.05747368363807031,-0.0,0.05747368363807031,0.03785332685788855,0.00040913665266934256,0.019433476655562068,0.2635540798222466,1.034122514186613,True
energy_only,7301,163,0.05740195297220413,-0.0,0.05740195297220413,0.037840513888906566,0.00039641018165875047,0.019420227950788526,0.2634662029705192,1.03370546901955,True
energy_only,7301,164,0.05733180511324899,-0.0,0.05733180511324899,0.037825491671235716,0.0003839745100502159,0.01940744702084195,0.26337983905493834,1.033298161733332,True
energy_only,7301,165,0.05726323696159997,-0.0,0.05726323696159997,0.037815738706643044,0.0003718327061596295,0.01939507549763575,0.26329506824557025,1.0329002209155365,True
energy_only,7301,166,0.05719624214746165,-0.0,0.05719624214746165,0.03781672732191174,0.0003599877657954196,0.019383059929759697,0.2632119633752357,1.032511304607797,True
energy_only,7301,167,0.05713081060847631,-0.0,0.05713081060847631,0.03783167452535347,0.00034844261151938073,0.019371353684264736,0.2631305869022129,1.0321311110737679,True
energy_only,7301,168,0.057066928731798014,-0.0,0.057066928731798014,0.03786175638660676,0.00033720009192557795,0.01935991798032322,0.2630509889971223,1.0317593838290025,True
energy_only,7301,169,0.05700457980690615,-0.0,0.05700457980690615,0.03790657915577399,0.00032626298093749493,0.019348722170975427,0.26297320658724643,1.0313959116498737,True
energy_only,7301,170,0.056943744556011075,-0.0,0.056943744556011075,0.037964719199411044,0.00031563397712361233,0.019337743420112827,0.2628972631712671,1.031040524545249,True
energy_only,7301,171,0.056884401579635556,-0.0,0.056884401579635556,0.03803420083418546,0.0003053157030315764,0.019326965935553112,0.2628231692173313,1.0306930868206712,True
energy_only,7301,172,0.05682652763836069,-0.0,0.05682652763836069,0.038112847621434534,0.0002953107045411233,0.019316379916494146,0.26275092297118036,1.030353488380748,True
energy_only,7301,173,0.05677009776203434,-0.0,0.05677009776203434,0.03819849803946053,0.0002856214502359229,0.019305980357908314,0.2626805115232352,1.030021635317142,True
energy_only,7301,174,0.05671508522282507,-0.0,0.05671508522282507,0.0382891110861963,0.0002762503307944912,0.019295765829922,0.2626119120096219,1.0296974406497577,True
energy_only,7301,175,0.05666146142746872,-0.0,0.05666146142746872,0.03838280106860856,0.0002671996584003276,0.019285737321534276,0.2625450928489193,1.0293808158665998,True
energy_only,7301,176,0.05660919578269602,-0.0,0.05660919578269602,0.038477838943783704,0.0002584716661714171,0.019275897209182016,0.26248001494172357,1.0290716636793376,True
energy_only,7301,177,0.05655825557454947,-0.0,0.05655825557454947,0.03857264717728864,0.0002500685076092422,0.01926624838464076,0.262416632782646,1.0287698722045835,True
energy_only,7301,178,0.056508605884881324,-0.0,0.056508605884881324,0.03866580240003374,0.0002419922560674393,0.01925679355532853,0.2623548954534201,1.02847531061209,True
energy_only,7301,179,0.0564602095523626,-0.0,0.0564602095523626,0.03875604931703286,0.00023424490424022901,0.019247534713956026,0.262294747481198,1.0281878261572976,True
energy_only,7301,180,0.056413027173813676,-0.0,0.056413027173813676,0.03884232227369835,0.0002268283636707482,0.019238472763505796,0.262236129557983,1.0279072424359317,True
energy_only,7301,181,0.05636701713536197,-0.0,0.05636701713536197,0.038923767807042355,0.00021974446427940644,0.019229607277067184,0.26217897912579885,1.0276333586565949,True
energy_only,7301,182,0.05632213566114705,-0.0,0.05632213566114705,0.038999761553305805,0.0002129949539123798,0.019220936369194225,0.26212323083805766,1.0273659497151648,True
energy_only,7301,183,0.05627833686863771,-0.0,0.05627833686863771,0.03906991481137381,0.00020658149791035648,0.019212456655222726,0.2620688169111329,1.027104766863468,True
energy_only,7301,184,0.05623557282260635,-0.0,0.05623557282260635,0.03913406869916177,0.00020050567869763807,0.019204163276507397,0.26201566738185633,1.0268495387863366,True
energy_only,7301,185,0.05619379358318682,-0.0,0.05619379358318682,0.03919227632171229,0.00019476899539170103,0.019196049972102575,0.26196371028697013,1.0265999729294895,True
energy_only,7301,186,0.05615294724640605,-0.0,0.05615294724640605,0.03924477520225781,0.00018937286343331106,0.019188109180444494,0.26191287177988626,1.0263557569509263,True
energy_only,7301,187,0.056112979977718115,-0.0,0.056112979977718115,0.03929195324390104,0.0001843186142372852,0.01918033215773656,0.2618630761987701,1.0261165601978839,True
energy_only,7301,188,0.05607383604029826,-0.0,0.05607383604029826,0.039334311750491055,0.00017960749486398375,0.019172709102714926,0.2618142460982447,1.0258820351377653,True
energy_only,7301,189,0.05603545782028257,-0.0,0.05603545782028257,0.03937242872401142,0.00017524066771161864,0.019165229280146145,0.2617663022551321,1.025651818694096,True
energy_only,7301,190,0.05599778585100877,-0.0,0.05599778585100877,0.03940692499424596,0.0001712192102294473,0.0191578811377108,0.2617191636567511,1.0254255334571791,True
energy_only,7301,191,0.05596075883783237,-0.0,0.05596075883783237,0.039438434928022854,0.0001675441146519289,0.019150652412824133,0.26167274747850505,1.0252027887537625,True
energy_only,7301,192,0.05592431368448909,-0.0,0.05592431368448909,0.03946758266656815,0.00016421628775390557,0.019143530227466635,0.2616269690558669,1.024983181571176,True
energy_only,7301,193,0.05588838552136838,-0.0,0.05588838552136838,0.03949496415143541,0.00016123655062686923,0.01913650117025426,0.2615817418544589,1.024766297339317,True
energy_only,7301,194,0.05585290773556555,-0.0,0.05585290773556555,0.039521134672636446,0.0001586056384763691,0.01912955136583899,0.26153697744072774,1.0245517105792916,True
energy_only,7301,195,0.05581781200221382,-0.0,0.05581781200221382,0.03954660131812544,0.00015632420044061102,0.019122666532311632,0.2614925854547379,1.0243389854306664,True
energy_only,7301,196,0.05578302831636636,-0.0,0.05578302831636636,0.0395718195068447,0.00015439279943029266,0.019115832027656016,0.26144847358582685,1.024127676070852,True
energy_only,7301,197,0.05574848502459658,-0.0,0.05574848502459658,0.03959719271880111,0.00015281191198971303,0.01910903288649744,0.26140454755126336,1.023917327040332,True
energy_only,7301,198,0.055714108855452145,-0.0,0.055714108855452145,0.039623074560933905,0.00015158192817919287,0.01910225384845612,0.2613607110776055,1.0237074734867682,True
energy_only,7301,199,0.05567982494795647,-0.0,0.05567982494795647,0.03964977239399542,0.00015070315147883246,0.019095479379382854,0.26131686588412784,1.023497641339637,True
energy_only,7301,200,0.05564555687740916,-0.0,0.05564555687740916,0.03967755186528662,0.00015017579871363365,0.019088693686652013,0.2612729116674761,1.0232873474252997,True
energy_gradient,7301,1,1.3305354888173113,1.1711379416387961,2.5016734304561075,2.9056100052007805,0.003,0.10353965455303028,0.33121084294610054,2.1439193197206343,True
energy_gradient,7301,2,1.2402237821899418,1.1707934007969523,2.4110171829868943,2.480432797719055,0.0029998242012863664,0.09942312432455751,0.33115608446607897,2.099816623424803,True
energy_gradient,7301,3,1.1649379114597138,1.1704365175748574,2.3353744290345713,2.0734776074883836,0.0029992968485211676,0.09578136770273948,0.3310917354367179,2.0607505479963555,True
energy_gradient,7301,4,1.1035835765642479,1.1700184078107418,2.2736019843749897,1.6755957079931956,0.0029984180718208076,0.09263307031486702,0.3310124085382468,2.0269036040893194,True
energy_gradient,7301,5,1.0554374509651705,1.1695038778168272,2.2249413287819975,1.2801371476814354,0.0029971880880102874,0.09000907823552097,0.3309126315535251,1.9985878103200334,True
energy_gradient,7301,6,1.0200699173445278,1.1688573806944482,2.1889272980389762,0.8824117222403489,0.002995607200569708,0.08794607411302459,0.3307858992701433,1.9761742318908984,True
energy_gradient,7301,7,0.9971579059192621,1.1680369052918465,2.1651948112111086,0.48236967885495236,0.0029936757995593895,0.08647246242799628,0.33062511113698784,1.9599437232809254,True
energy_gradient,7301,8,0.9861426048559555,1.1669967370065986,2.153139341862554,0.12459412791611331,0.002991394361523632,0.08557885326673645,0.33042452205797235,1.9497780553413748,True
energy_gradient,7301,9,0.9855642010126047,1.165700159391289,2.1512643604038937,0.3548761494384022,0.0029887634493731318,0.08517128685684265,0.33018400380033663,1.9446741027425443,True
energy_gradient,7301,10,0.992099748739893,1.1641471315492071,2.1562468802891,0.7063008666109009,0.002985783712246095,0.08504637179710388,0.329913117507267,1.9424912981865399,True
energy_gradient,7301,11,1.0003582620870812,1.1624005446049221,2.162758806692003,0.9851542722623636,0.002982455885348072,0.08496497731025926,0.32962793456863715,1.9407280914098781,True
energy_gradient,7301,12,1.0049523178994357,1.1605652606874914,2.165517578586927,1.1577488861412621,0.0029787807897705535,0.08477229277994847,0.3293420077726463,1.9377748824029073,True
energy_gradient,7301,13,1.0030530060053262,1.1587294958723988,2.161782501877725,1.2199185867428628,0.002974759332288382,0.08443293290692845,0.3290610995411931,1.933272121028852,True
energy_gradient,7301,14,0.9947354504391586,1.1569309855954684,2.1516664360346267,1.1886615062222574,0.002970392505136017,0.08398770734404445,0.3287831222626066,1.927648772582243,True
energy_gradient,7301,15,0.9817396676862777,1.1551569623774893,2.136896630063767,1.0903033979369812,0.002965681385762716,0.08349857197827158,0.3284999545383985,1.9215405443238303,True
energy_gradient,7301,16,0.9661653227793501,1.1533561445454983,2.1195214673248484,0.9524232372180811,0.0029606271365666898,0.08301222883982451,0.32819936650409914,1.9154074692154062,True
energy_gradient,7301,17,0.9496772949894411,1.1514513509444069,2.101128645933848,0.8004556514321011,0.0029552310046083,0.08254391105846794,0.32786643503669977,1.9093653009718703,True
energy_gradient,7301,18,0.9331879191849977,1.1493488980437387,2.0825368172287364,0.6576716284426852,0.002949494321302363,0.08207476144382247,0.327484451281408,1.9031603854881554,True
energy_gradient,7301,19,0.9168345196676398,1.1469448686801402,2.06377938834778,0.5466315354846527,0.0029434185020896448,0.0815572362823471,0.3270360944166127,1.8962310111967282,True
energy_gradient,7301,20,0.9001081629436591,1.144133137542827,2.044241300486486,0.4873945315647191,0.002937005046087621,0.0809233687454788,0.32650448652235947,1.887798903758916,True
energy_gradient,7301,21,0.8820404895139436,1.1408126392507092,2.0228531287646527,0.487014768703275,0.0029302555357205947,0.08009173900312973,0.3258742064896954,1.8769467904476898,True
energy_gradient,7301,22,0.8613774302270609,1.1368944173612319,1.9982718475882928,0.5321319921717523,0.0029231716363292528,0.0789723533912618,0.32513355065904226,1.862677561114644,True
energy_gradient,7301,23,0.8367219425481478,1.1323166053779716,1.9690385479261194,0.601702218851434,0.002915755095759772,0.07747000536194072,0.3242794160598709,1.8439654537192525,True
energy_gradient,7301,24,0.8066599618424766,1.1270757854510227,1.9337357472934993,0.6806677166354861,0.002908007743932562,0.07548810879778659,0.3233271254946521,1.8198277827154161,True
energy_gradient,7301,25,0.769903532084921,1.1212886740316732,1.8911922061165942,0.7612880884126729,0.002899931492390759,0.07293677230973293,0.3223292153645664,1.789470041354031,True
energy_gradient,7301,26,0.7255037501825872,1.1153079883334533,1.8408117385160405,0.84014136537978,0.002891528333828584,0.0697522769873688,0.32140995620504315,1.7526020510111584,True
energy_gradient,7301,27,0.673211534097286,1.1099324149256848,1.7831439490229708,0.9169787454421252,0.0028828003415996735,0.06594254787480323,0.32082456394637054,1.7101089625310362,True
energy_gradient,7301,28,0.6140972310780501,1.1067636739907203,1.7208609050687704,1.0004991485481256,0.0028737496692055097,0.061682040537666474,0.3210390872934898,1.6653144652589171,True
energy_gradient,7301,29,0.551455831238795,1.1086872655368718,1.6601430967756667,1.1302414018284666,0.0028643785497640783,0.05741348318357986,0.3227003693562739,1.624972335953188,True
energy_gradient,7301,30,0.4908074157668805,1.119680589254143,1.6104880050210235,1.389170777513976,0.0028546892954588775,0.053466220255790675,0.3258093787084286,1.5926003220769882,True
energy_gradient,7301,31,0.4334337641088192,1.1396423653071726,1.5730761294159916,1.7167448720899714,0.0028446842969684243,0.04931898291020085,0.328599665814867,1.5570944280622139,True
energy_gradient,7301,32,0.3714531671191768,1.1572766611553027,1.5287298282744795,1.763425330718135,0.0028343660228763888,0.04503254467830914,0.3295831687030219,1.5144353800859576,True
energy_gradient,7301,33,0.30788182063985575,1.1630188070813055,1.4709006277211611,1.4160178391709803,0.0028237370190625057,0.042121057778801214,0.32867722551572404,1.4805226605893451,True
energy_gradient,7301,34,0.25948610139630995,1.156328372127318,1.415814473523628,0.9866164669534422,0.002812799908074423,0.041707767904719736,0.32640536231873574,1.4689855878466385,True
energy_gradient,7301,35,0.23666717634896403,1.1406268112276325,1.3772939875765966,1.0406556315717062,0.00280155738848062,0.042393249281272104,0.3232172656990351,1.4663003253653777,True
energy_gradient,7301,36,0.2284840435111881,1.118892354454603,1.3473763979657911,1.4190375873917205,0.002790012234204582,0.041785709759443936,0.31919881471850003,1.4472114550820043,True
energy_gradient,7301,37,0.21411886106082492,1.0919009513172875,1.3060198123781124,1.6674146277938073,0.002778167293840372,0.03895265487887105,0.3142397499654981,1.4014216829295472,True
energy_gradient,7301,38,0.18515787938512535,1.0594180629655892,1.2445759423507146,1.6764071747902085,0.0027660254899497857,0.03434849127845353,0.3082899976443641,1.3336232866906805,True
energy_gradient,7301,39,0.1474474195585094,1.0218264360124512,1.1692738555709605,1.4774082269116482,0.002753589818341251,0.029341375657554746,0.30151065754499484,1.2589223545102384,True
energy_gradient,7301,40,0.11316961516720982,0.9809412960416052,1.094110911208815,1.2033304395922548,0.0027408633473306587,0.025752384036993602,0.294341666748784,1.1981331272312277,True
energy_gradient,7301,41,0.09212821641841763,0.9401155143496476,1.0322437307680652,1.0875682903250268,0.0027278492169843004,0.024464426649212646,0.2874424374752046,1.1627463585644353,True
energy_gradient,7301,42,0.08480040537309684,0.9034885000597888,0.9882889054328856,1.1840230720809102,0.0027145506383441046,0.024326359457798628,0.2814772386999835,1.1425609479299361,True
energy_gradient,7301,43,0.08279340202671127,0.8746040140592013,0.9573974160859126,1.2267612350633035,0.0027009708926353593,0.023977026584171172,0.27686398651405736,1.1243618092805883,True
energy_gradient,7301,44,0.0790445423098523,0.8552556336890793,0.9343001759989316,1.0537994765196312,0.00268711333045712,0.023541963771351527,0.27365041207320706,1.1096383650608563,True
energy_gradient,7301,45,0.07495587273948148,0.8448313845432691,0.9197872572827506,0.7409127984242877,0.0026729813709555,0.02398563787188497,0.2714796419896786,1.107563784214681,True
energy_gradient,7301,46,0.07581338348892744,0.8395693241704674,0.9153827076593948,0.5371785861590078,0.0026585785009800443,0.025730459627111506,0.2697653205102819,1.1208066493621252,False
energy_gradient,7301,47,0.08364120220528741,0.8338278564030601,0.9174690586083475,0.5429935502968651,0.002643908274223405,0.028285070044508833,0.2682266539742645,1.1432424491690585,False
energy_gradient,7301,48,0.09651110591228015,0.8250984372469032,0.9216095431591834,0.5710101519956012,0.002628974310344519,0.03092037554899669,0.26700529161106906,1.1675347516197545,False
energy_gradient,7301,49,0.1114593451896696,0.8154554699552521,0.9269148151449217,0.642312113135187,0.0026137802940755113,0.033066349872552525,0.2662049363128927,1.1879256323087017,False
energy_gradient,7301,50,0.12512959177750646,0.807629721697653,0.9327593134751595,0.7781653266467097,0.002598329974312544,0.034371287839024836,0.2656772789654728,1.200196527417153,False
energy_gradient,7301,51,0.13412254254611147,0.8024104397957809,0.9365329823418923,0.8911873520475989,0.00258262716319083,0.03471826550310755,0.26521532026256034,1.2024503166298315,False
energy_gradient,7301,52,0.13649692587322637,0.7992917977809354,0.9357887236541618,0.9289789247638761,0.0025666757351440472,0.03419211544510862,0.26474906720030994,1.1953727610483675,False
energy_gradient,7301,53,0.13258867972622285,0.797772361845424,0.9303610415716468,0.896090124011025,0.002550479625948381,0.03300837528380947,0.26434077194830985,1.1814593185394475,False
energy_gradient,7301,54,0.12440961546322313,0.797588050161619,0.9219976656248422,0.8294628220842835,0.0025340428317514262,0.03143662632413865,0.264053835564122,1.1637857961084102,False
energy_gradient,7301,55,0.11434884859536021,0.7981601646986781,0.9125090132940383,0.7655637107564491,0.002517369408086203,0.029735355906366372,0.26384907415941805,1.1449878134216924,False
energy_gradient,7301,56,0.10416163359999454,0.7983209304664415,0.902482564066436,0.6968723560886035,0.002500463468870511,0.028126222383564742,0.26362448679370026,1.1271109091505105,False
energy_gradient,7301,57,0.09494272339287801,0.7969839330377028,0.8919266564305808,0.5867176246197667,0.0024833291853918822,0.026780890403295315,0.26333314978973765,1.111839866990917,False
energy_gradient,7301,58,0.08751053440630877,0.7940208480918516,0.8815313824981603,0.4407326298624751,0.0024659707852783793,0.025750203493180683,0.2630128506639146,1.0998358146899516,True
energy_gradient,7301,59,0.08211715548818051,0.7901935557668003,0.8723107112549808,0.3287230648988216,0.0024483925514554913,0.024913529192732316,0.26272594936564947,1.0900069969654753,True
energy_gradient,7301,60,0.07805195355982149,0.7864087091596796,0.8644606627195012,0.30270688138079554,0.0024305988210893844,0.024084831061854786,0.2625146936815332,1.0805005891348851,True
energy_gradient,7301,61,0.07423238764234484,0.7832152532163402,0.8574476408586851,0.2978835256094764,0.002412593984516774,0.023193499108012237,0.2623974073471014,1.0706205320414572,True
energy_gradient,7301,62,0.07025591165814361,0.7807668638006511,0.8510227754587947,0.252674278122485,0.0023943824841616713,0.022343463644028432,0.26237008528598843,1.06146338936278,True
energy_gradient,7301,63,0.06664279367826353,0.7789534903087707,0.8455962839870342,0.19157336448200982,0.0023759688134392856,0.02169567697233964,0.2624012384838469,1.0546480407705139,True
energy_gradient,7301,64,0.06408147837144827,0.7775101682564322,0.8415916466278804,0.19897686191702993,0.002357357515647337,0.021303178246363463,0.2624357741793425,1.0505676931387193,True
energy_gradient,7301,65,0.06264240057531924,0.7761186868762724,0.8387610874515916,0.2591441310522098,0.002338553182845069,0.021083029461343505,0.2624147542352311,1.048152365301444,True
energy_gradient,7301,66,0.06182540046415553,0.7745222711297454,0.8363476715939009,0.29288301865417776,0.002319560454720226,0.020931904078660576,0.2622950965885443,1.0461642312972448,True
energy_gradient,7301,67,0.06118817162638708,0.7725889950274278,0.833777166653815,0.2847127900599349,0.002300384017444278,0.02080798431684266,0.262053286969812,1.044083257788963,True
energy_gradient,7301,68,0.06065097579827447,0.7702812162838096,0.8309321920820841,0.26795369896085236,0.00228102860251618,0.020699049507371278,0.26167797759321176,1.0417434314415133,True
energy_gradient,7301,69,0.06023118640267762,0.7675875897208964,0.827818776123574,0.2821244932245241,0.002261498985594943,0.020567479604883993,0.26116452577983057,1.038728713956802,True
energy_gradient,7301,70,0.05975200689640598,0.7644888989363475,0.8242409058327536,0.32096298616109425,0.0022417999853213163,0.020357536283504986,0.2605140523266729,1.0344477909616214,True
energy_gradient,7301,71,0.05892663610564536,0.7609594958873829,0.8198861319930282,0.3524844616558241,0.0022219364621288533,0.020045479036294975,0.259731178418034,1.0286618037080246,True
energy_gradient,7301,72,0.05764645237942426,0.756964672451687,0.8146111248311112,0.36275225254709825,0.002201913317044678,0.019666596314574267,0.25881756292927593,1.021752548342289,True
energy_gradient,7301,73,0.05609747355752415,0.7524367525993797,0.8085342261569038,0.3604748429314567,0.002181735490480228,0.019291115101560626,0.25776589170901976,1.0144465321096257,True
energy_gradient,7301,74,0.05458862364486801,0.7472560256763972,0.8018446493212652,0.3609816610466433,0.0021614079610122795,0.018977706358878483,0.2565621469118553,1.0073259097774439,True
energy_gradient,7301,75,0.053307668446955545,0.741278315500825,0.7945859839477806,0.36593438331856604,0.002140935744154562,0.01875155089051781,0.25519811213617943,1.0006336330189678,True
energy_gradient,7301,76,0.05226464188370944,0.7344155145414683,0.7866801564251777,0.36282433628723443,0.0021203238911202526,0.0186163073392655,0.2536842943986025,0.9944417052795751,True
energy_gradient,7301,77,0.05141838752873287,0.7267104730765925,0.7781288606053254,0.3440343160000645,0.002099577487575666,0.018566091548496984,0.2520494445848598,0.9887775192584186,True
energy_gradient,7301,78,0.05076492744694726,0.7183303284358854,0.7690952558828327,0.3174896242189763,0.0020787016523854413,0.018579100217834793,0.2503250745449329,0.9835072419494537,True
energy_gradient,7301,79,0.05028747524697382,0.7094736717034444,0.7597611469504183,0.29904138119139173,0.0020577015363495406,0.018615308829439424,0.2485280434271165,0.978256623098864,True
energy_gradient,7301,80,0.04989883306196289,0.700266379822408,0.7501652128843709,0.29689253484278566,0.0020365823209323635,0.01863590525007456,0.24665403812395967,0.9725979364636267,True
energy_gradient,7301,81,0.049492677079676195,0.6907174209075634,0.7402100979872396,0.30808770512866407,0.002015349216984301,0.018627398880614095,0.24468292884555895,0.9663240683218903,True
energy_gradient,7301,82,0.04904003756320052,0.6807423731411205,0.729782410704321,0.3298968936243512,0.001994007463456034,0.018605031539129485,0.2425884785692558,0.959515375013981,True
energy_gradient,7301,83,0.04860486886474591,0.6702172102401643,0.7188220791049102,0.3646941489179138,0.0019725623261059025,0.018592638885276392,0.24034587677678868,0.9523483996714279,True
energy_gradient,7301,84,0.048257426729673994,0.6590275025257688,0.7072849292554428,0.4131351653357115,0.0019510190962006568,0.018597916959047917,0.23793558001806017,0.9448439681299874,True
energy_gradient,7301,85,0.04797715289247291,0.6471004311080921,0.6950775840005651,0.4694759908806473,0.0019293830892099185,0.018603146125744093,0.23534425097377482,0.936771142117357,True
energy_gradient,7301,86,0.047637017309485795,0.6344173962791659,0.6820544135886517,0.5255338074117307,0.001907659643494666,0.01857413404353002,0.23256265903796897,0.9277360715431451,True
energy_gradient,7301,87,0.0470692645318807,0.62100334255485,0.6680726070867307,0.576300935029734,0.001885854118990074,0.018474137738847332,0.2295803362155974,0.9173138048853049,True
energy_gradient,7301,88,0.046138250804324474,0.6068940401811704,0.6530322909854949,0.6211435176971345,0.0018639718958830312,0.018271269174532836,0.2263795124500625,0.9051082961674807,True
energy_gradient,7301,89,0.044764641881893275,0.5920985301369138,0.6368631720188072,0.6611831750035605,0.0018420183732846586,0.017940041979991737,0.2229330316599274,0.8907623743099015,True
energy_gradient,7301,90,0.04291309767804991,0.5765819225534989,0.6194950202315489,0.6965452178560264,0.0018199989678981592,0.01746290408350445,0.21920875798430803,0.8739879208921202,True
energy_gradient,7301,91,0.040582688123120055,0.5602795000156723,0.6008621881387923,0.7260107408842664,0.0017979191126823299,0.016832805483418613,0.21517751343182412,0.8546181722568851,True
energy_gradient,7301,92,0.03781071855549195,0.5431271078483438,0.5809378264038358,0.748498077785064,0.0017757842555110564,0.016052923174057265,0.21081768748072524,0.8326192436253934,True
energy_gradient,7301,93,0.034671560783632094,0.525078319400352,0.5597498801839841,0.7642413700443307,0.0017535998578291348,0.015131519863992367,0.20611104834260985,0.8080221227226005,True
energy_gradient,7301,94,0.0312597204092165,0.5060889410034233,0.5373486614126398,0.7744861427702797,0.0017313713933047406,0.014076138189150033,0.20103053271362067,0.7808224095693737,True
energy_gradient,7301,95,0.027672857539298018,0.4860772012529042,0.5137500587922023,0.7802595148854328,0.001709104346478884,0.01289472633480052,0.19552755544464792,0.7509525211729424,True
energy_gradient,7301,96,0.02401718363696986,0.4648921783880843,0.48890936202505414,0.7816772198914811,0.0016868042114121802,0.011607022707490458,0.18952807223793766,0.7183908360934665,True
energy_gradient,7301,97,0.020432027069666264,0.4423225916387302,0.4627546187083965,0.7786216013153671,0.0016644764903292726,0.010260518893647501,0.18294096485667383,0.6833583516967354,True
energy_gradient,7301,98,0.01710080482682433,0.4181502668334062,0.4352510716602306,0.7719981211585129,0.0016421266922612416,0.00894086676316414,0.1756739247561103,0.6464795717274433,True
energy_gradient,7301,99,0.014222038331575135,0.3922211200020715,0.40644315833364664,0.7638806232356915,0.0016197603316863338,0.007772263850952077,0.16764955955622854,0.6088371427520365,True
energy_gradient,7301,100,0.011957182353535456,0.36450332240360883,0.37646050475714427,0.7559620916393148,0.0015973829271693455,0.0069105327931328914,0.1588208132499507,0.5719463700523586,True
energy_gradient,7301,101,0.010401899512215563,0.33513009527118326,0.3455319947833988,0.7481169603054133,0.0015750000000000009,0.006516809459468716,0.1491898445634671,0.5375336404785506,True
energy_gradient,7301,102,0.009598679456845631,0.3044408111364759,0.31403949059332154,0.7394707745937159,0.0015526170728306567,0.006675276804886249,0.13882560656549778,0.5067136365142112,True
energy_gradient,7301,103,0.009548885513286153,0.2730016775263433,0.28255056303962944,0.7305500137587061,0.0015302396683136682,0.0073028119361607715,0.12786436367834192,0.47902672657232803,True
energy_gradient,7301,104,0.010182246696257884,0.2415569934763568,0.2517392401726147,0.7214971111024553,0.0015078733077387603,0.008193924860847227,0.11649748539147689,0.45288025447319114,True
energy_gradient,7301,105,0.011328191970889676,0.21092293005883725,0.2222511220297269,0.708321076465996,0.0014855235096707295,0.009154511830001735,0.1049828150906838,0.42701159529848776,True
energy_gradient,7301,106,0.012766887980180594,0.18190149304688985,0.19466838102707046,0.6888988277273299,0.0014631957885878222,0.010063687497758473,0.0936736948349753,0.40123906452513847,True
energy_gradient,7301,107,0.014309507149732522,0.1551853495623636,0.16949485671209613,0.6719527275174249,0.0014408956535211183,0.010846037310095829,0.08301303096787858,0.37614718479412235,True
energy_gradient,7301,108,0.01578648258071591,0.13121630335687332,0.14700278593758923,0.6629830029109138,0.0014186286066952616,0.011431560805840743,0.07353925342043102,0.3526779009596025,True
energy_gradient,7301,109,0.016972809626441845,0.11023995054323886,0.1272127601696807,0.6538181625575915,0.0013964001421708676,0.01173334864955351,0.06583467250115209,0.3317303556844268,True
energy_gradient,7301,110,0.017541441355506615,0.09247374473196954,0.11001518608747615,0.6389343147512647,0.0013742157444889462,0.011666522315689683,0.06023665462663336,0.3134570099311893,True
energy_gradient,7301,111,0.017179888551294636,0.07792622690471729,0.09510611545601193,0.6071618533775678,0.0013520808873176723,0.011251735502449046,0.05667673832391023,0.29786352262818816,True
energy_gradient,7301,112,0.015956651787356734,0.06620508583525808,0.08216173762261482,0.5592482206503373,0.0013300010321018426,0.010640945139190209,0.05457084094912136,0.2847393686646752,True
energy_gradient,7301,113,0.014349836882100921,0.056544247803475056,0.07089408468557598,0.505858946422893,0.0013079816267153438,0.00996273624493307,0.05296778406143265,0.27247307445922736,True
energy_gradient,7301,114,0.012714317773731916,0.04826798493833841,0.06098230271207032,0.44306234914753995,0.0012860281041169712,0.009206295180043705,0.05129422903863977,0.2591507568979919,True
energy_gradient,7301,115,0.011013121574888807,0.041203622796955136,0.05221674437184394,0.38757405483467156,0.0012641458810099286,0.008341748009591018,0.049403899068610674,0.24399475674632168,True
energy_gradient,7301,116,0.009201191835578507,0.035176342697643026,0.04437753453322153,0.33056390692961546,0.0012423403565053359,0.007479962853959734,0.04703986368596336,0.2273822858237892,True
energy_gradient,7301,117,0.007521282463549404,0.029859948600471514,0.037381231064020914,0.2889667064718597,0.001220616910790083,0.006713947653137533,0.04380395722960939,0.20905692034186715,True
energy_gradient,7301,118,0.0061110348613637455,0.025016248439206717,0.031127283300570463,0.25323035860452325,0.0011989809037993447,0.005988957784306402,0.039983982650999866,0.1893372317231068,True
energy_gradient,7301,119,0.004851664516241287,0.020744695880521885,0.025596360396763173,0.23239669848391203,0.0011774376738940995,0.005227489677330251,0.03621541885719995,0.16938952172994584,True
energy_gradient,7301,120,0.0036505437935921764,0.017114488150225676,0.020765031943817853,0.2033304818521402,0.0011559925365439681,0.004470867538346548,0.03255359476113845,0.1498283543591127,True
energy_gradient,7301,121,0.0026003490489792665,0.014070543033761545,0.01667089208274081,0.17395789252758823,0.0011346507830157014,0.00378191247571899,0.028565531935829145,0.12996595427245486,True
energy_gradient,7301,122,0.0017850225048348307,0.011543778160863969,0.0133288006656988,0.1451974550891216,0.001113417679067638,0.003155228205220597,0.024454554381421557,0.11038253170371556,True
energy_gradient,7301,123,0.0011805609521625688,0.009559099235894802,0.01073966018805737,0.12348065723857278,0.001092298463650461,0.002584208186645898,0.021051856332211964,0.09361492089809394,True
energy_gradient,7301,124,0.0007424597827231877,0.008110355034010438,0.008852814816733626,0.0998949743144591,0.00107129834761456,0.002142458213064142,0.01860356073183963,0.08122068333494809,True
energy_gradient,7301,125,0.00047016112322031934,0.0071066526445811426,0.007576813767801462,0.08421912480098148,0.0010504225124243355,0.0018885336574929194,0.016493338504461406,0.07189137553808357,True
energy_gradient,7301,126,0.00034850800371958126,0.006433787365691272,0.006782295369410853,0.09332427682334524,0.0010296761088797487,0.0017704519109869882,0.014551294714149248,0.06453931148000165,True
energy_gradient,7301,127,0.0003171677277729747,0.005990359699144412,0.006307527426917387,0.1065700917094978,0.0010090642558454389,0.0017303947699319573,0.013501066345656357,0.060817411240929764,True
energy_gradient,7301,128,0.0003228809147879848,0.005680778062740869,0.006003658977528854,0.12233995000288662,0.0009885920389877214,0.0017241256242560776,0.013483949733839061,0.06069681558189858,True
energy_gradient,7301,129,0.0003357961056574113,0.005405674730006882,0.005741470835664293,0.128658066923612,0.0009682645095197729,0.0016841529032972998,0.01362083776748196,0.060699631645000765,False
energy_gradient,7301,130,0.00033564116389124,0.005115702398714466,0.005451343562605706,0.1329422900262849,0.0009480866829553223,0.0015648263762227358,0.013353311255325243,0.05858700613625331,True
energy_gradient,7301,131,0.00030875780512524864,0.0047856786513741315,0.00509443645649938,0.12636820864014459,0.0009280635378711473,0.0014185158811128025,0.013140792708757254,0.05635896437115919,True
energy_gradient,7301,132,0.0002671427138484663,0.004412674615972488,0.004679817329820955,0.12031251171532348,0.0009082000146786845,0.0013197363522016543,0.013451450101549725,0.05627929372464373,True
energy_gradient,7301,133,0.00022919612920421697,0.003997212975126429,0.004226409104330646,0.1088704861170774,0.0008885010144050569,0.0012658681386038524,0.014005656234491987,0.057442886947440853,False
energy_gradient,7301,134,0.00020022223789671387,0.0035704020659285554,0.0037706243038252694,0.09882478544723033,0.0008689713974838204,0.0012010793001907358,0.014326687908259758,0.05775850194766841,False
energy_gradient,7301,135,0.0001737993216378439,0.003165828214799501,0.003339627536437345,0.08872826917450877,0.0008496159825557221,0.0011366632211146502,0.014552966689332952,0.057780868619950056,False
energy_gradient,7301,136,0.00015365985644067324,0.002802205060934289,0.0029558649173749623,0.08190594661550843,0.0008304395452797741,0.0011222517432560334,0.015136682526615583,0.0594581053189165,False
energy_gradient,7301,137,0.0001481695710224358,0.0024838336841180113,0.002632003255140447,0.07590223273233765,0.0008114468171549305,0.0011413469441312002,0.016072178330578623,0.06259640347098053,False
energy_gradient,7301,138,0.00015286542043449017,0.0022191447302266627,0.0023720101506611527,0.0648603587837534,0.0007926424843526631,0.0011451319831249018,0.01692835260550884,0.06532249375920039,False
energy_gradient,7301,139,0.00015740333090338322,0.0020201021543777174,0.0021775054852811006,0.05689622374947289,0.0007740311865607148,0.00113156020268248,0.017494510671746514,0.06695361533786004,False
energy_gradient,7301,140,0.00015998514824184184,0.0018812209015321361,0.0020412060497739777,0.047876474469743274,0.0007556175158383291,0.0011314490648410543,0.018002999899852386,0.06854748771154894,False
energy_gradient,7301,141,0.00016562173168695922,0.0017913257014311877,0.001956947433118147,0.04353419716353503,0.0007374060154832269,0.0011482382109837793,0.01865024928426654,0.0707569879915609,False
energy_gradient,7301,142,0.00017423966040492215,0.0017380352170864098,0.001912274877491332,0.03296054395243681,0.0007194011789106164,0.0011735783090779366,0.01928143532151118,0.07300735417385341,False
energy_gradient,7301,143,0.0001844088408355763,0.0017124742092036566,0.001896883050039233,0.027017774985598028,0.0007016074485445093,0.0012095348976410775,0.019646604635219632,0.07453656113575823,False
energy_gradient,7301,144,0.00019689720287189454,0.001701512849758531,0.0018984100526304255,0.02994241353014522,0.000684029214721621,0.0012540022559644512,0.01977022149663997,0.07539887791658735,False
energy_gradient,7301,145,0.00021109275991500022,0.0016946638036844448,0.001905756563599445,0.036635123862475784,0.0006666708146081179,0.001288770499242904,0.01987139022524208,0.07608727075167708,False
energy_gradient,7301,146,0.00022225433571415333,0.00168809782430458,0.0019103521600187334,0.04398938071119632,0.0006495365311294892,0.0012994872597142265,0.020026682046077948,0.07668876660369414,False
energy_gradient,7301,147,0.00022639170651534007,0.001678541242286942,0.001904932948802282,0.04634361242305515,0.0006326305919137971,0.0012923726511459926,0.020098813288645687,0.07683910613625236,False
energy_gradient,7301,148,0.00022507073180283118,0.0016621991560897512,0.0018872698878925824,0.048880710006859375,0.0006159571682485736,0.0012781485128964569,0.019964801163289615,0.07626693151071195,False
energy_gradient,7301,149,0.00022116702565378013,0.0016350970664483085,0.0018562640921020886,0.048740901206545575,0.0005995203740516193,0.0012567668918913527,0.019690958892476042,0.07517974613116729,False
energy_gradient,7301,150,0.00021483455935647662,0.0015992737742759,0.0018141083336323765,0.047467977223152304,0.0005833242648559529,0.001222453401044548,0.019425270242820755,0.07398013073541201,False
energy_gradient,7301,151,0.00020485477347603225,0.001559172801992458,0.0017640275754684904,0.04496532685943778,0.0005673728368091707,0.0011779504778928116,0.019209146895311058,0.0728272547171339,False
energy_gradient,7301,152,0.00019226465686012468,0.0015172118613194614,0.001709476518179586,0.039693205711089176,0.0005516700256874569,0.0011341989313032707,0.018962465210796607,0.07158654010590094,False
energy_gradient,7301,153,0.00017999418519052893,0.0014746289855569836,0.0016546231707475125,0.034851739578813025,0.0005362197059244897,0.0010973764064575225,0.018618322573212328,0.07011404970954986,False
energy_gradient,7301,154,0.00016955072676359007,0.0014325755466344293,0.0016021262733980194,0.029853606135833315,0.000521025689655482,0.0010657322485380422,0.01821798586434432,0.06852054917208167,False
energy_gradient,7301,155,0.00016058278050354723,0.0013936099638715274,0.0015541927443750746,0.026138276846834695,0.000506091725776596,0.0010361720241414717,0.017857644714204663,0.06707474840866032,False
energy_gradient,7301,156,0.00015248718004811732,0.0013595537665429267,0.001512040946591044,0.024217010453233188,0.0004914214990199567,0.0010089535238092123,0.017581138224013543,0.06591691554517942,False
energy_gradient,7301,157,0.00014535481131185916,0.00133033890391767,0.0014756937152295292,0.021238254143817335,0.0004770186290445012,0.0009859227813829418,0.01735044991448414,0.06494749885727952,False
energy_gradient,7301,158,0.00013955601023062905,0.0013054843473746655,0.0014450403576052946,0.019452154950982896,0.0004628866695428811,0.000966631077546517,0.017105667156993538,0.06397377228856145,False
energy_gradient,7301,159,0.00013494642909347927,0.0012844033070828983,0.0014193497361763775,0.019812861058920397,0.0004490291073646419,0.0009490442060326325,0.016834287637807553,0.0629348091469085,False
energy_gradient,7301,160,0.00013104938737426824,0.001266590250777698,0.0013976396381519662,0.021114479937043493,0.0004354493616558968,0.0009322378197866298,0.01657681985869786,0.061947814365205627,False
energy_gradient,7301,161,0.00012758757020525993,0.0012515623936106533,0.0013791499638159132,0.023242005032585406,0.0004221507830157008,0.0009165755114419208,0.01637695065519453,0.06115370753587301,False
energy_gradient,7301,162,0.00012451119260722845,0.001238471528337901,0.0013629827209451295,0.0243125861786617,0.00040913665266934256,0.0009024177780264023,0.016239086699420317,0.06057015892727036,False
energy_gradient,7301,163,0.00012180158534164052,0.0012265869285020391,0.0013483885138436797,0.023833016352547937,0.00039641018165875047,0.0008891739542017799,0.01613105231848435,0.060089934545487764,False
energy_gradient,7301,164,0.00011932861730892851,0.0012155918850164883,0.0013349205023254168,0.023301719260598083,0.0003839745100502159,0.0008756726045662674,0.016018774837575595,0.059593651889646916,False
energy_gradient,7301,165,0.0001168950639977217,0.001205247242454847,0.0013221423064525687,0.02312924221218614,0.0003718327061596295,0.0008615071976834536,0.01589559997989184,0.0590560990034834,False
energy_gradient,7301,166,0.00011444011953290598,0.0011952954824173444,0.0013097356019502503,0.023125068929894042,0.0003599877657954196,0.0008474654514773989,0.015781670460343657,0.05854886711486973,False
energy_gradient,7301,167,0.00011208686918834308,0.0011854838319782554,0.0012975707011665984,0.023423205432821868,0.00034844261151938073,0.0008345925873439395,0.015700627679963528,0.05815727036691812,False
energy_gradient,7301,168,0.00010997562297872883,0.0011755461302146528,0.0012855217531933818,0.02353789020268615,0.00033720009192557795,0.0008232682888054284,0.015658543746182557,0.05790440801686233,False
energy_gradient,7301,169,0.00010813152753413032,0.0011653658796635313,0.0012734974071976616,0.023089153649055602,0.00032626298093749493,0.0008131048496312839,0.01564116337906378,0.05774142574168392,False
energy_gradient,7301,170,0.00010646833930213895,0.0011550502098038892,0.0012615185491060281,0.02253514320189813,0.00031563397712361233,0.000803453869230745,0.015627010842507335,0.0575940375869875,False
energy_gradient,7301,171,0.00010486764727653911,0.0011447537307702211,0.0012496213780467602,0.022241063133378564,0.0003053157030315764,0.000794028175806796,0.015603064200405234,0.057418330940779,False
energy_gradient,7301,172,0.0001032671478025429,0.001134558769164753,0.001237825916967296,0.022076578786122965,0.0002953107045411233,0.000785118945605367,0.015571089445695695,0.05722295285636417,False
energy_gradient,7301,173,0.00010169027328308924,0.0011245043767337771,0.0012261946500168664,0.021982780926297945,0.0002856214502359229,0.0007772697267792219,0.015542282014680064,0.05704882248138862,False
energy_gradient,7301,174,0.00010019859790883737,0.0011146101798028144,0.0012148087777116518,0.021936274602389633,0.0002762503307944912,0.0007708241976529346,0.015526820678474254,0.05693153685174481,False
energy_gradient,7301,175,9.883180735438042e-05,0.0011048891686181608,0.0012037209759725412,0.021704063478472944,0.0002671996584003276,0.0007657508733227052,0.015526660726971767,0.056876893432188456,False
energy_gradient,7301,176,9.759011331719371e-05,0.001095386931951518,0.0011929770452687118,0.02115498799572391,0.0002584716661714171,0.0007617413423623952,0.015535363787131256,0.0568614046463078,False
energy_gradient,7301,177,9.64485969104377e-05,0.0010861855806589935,0.001182634177569431,0.020457776259237642,0.0002500685076092422,0.0007584045886581411,0.015543275946005582,0.056850614682645254,False
energy_gradient,7301,178,9.537697585142903e-05,0.0010773578293421006,0.0011727348051935296,0.01981155524739936,0.0002419922560674393,0.0007554411163257954,0.015543617308773409,0.05682005980470132,False
energy_gradient,7301,179,9.435597915960229e-05,0.001068938619498067,0.0011632945986576693,0.019256614870396746,0.00023424490424022901,0.0007527236157301339,0.015535646106287172,0.056766054560837574,False
energy_gradient,7301,180,9.338485847833096e-05,0.0010609352712321707,0.0011543201297105016,0.018793581312350444,0.0002268283636707482,0.0007502553329127295,0.01552372430075008,0.05670231644757558,False
energy_gradient,7301,181,9.247514129073157e-05,0.0010533397743508906,0.0011458149156416222,0.01844353592449813,0.00021974446427940644,0.0007480658190291927,0.015513778685301868,0.05664775233742476,False
energy_gradient,7301,182,9.163724146618384e-05,0.0010461311775399763,0.00113776841900616,0.01815508258836118,0.0002129949539123798,0.0007461361595239782,0.01550972777301875,0.05661445219582807,False
energy_gradient,7301,183,9.087190737004948e-05,0.001039283411907572,0.0011301553192776216,0.017819083756692777,0.00020658149791035648,0.0007443882478095892,0.015511762199279236,0.05660218047833976,False
energy_gradient,7301,184,9.017020617944349e-05,0.0010327766723219852,0.0011229468785014286,0.01739978985792631,0.00020050567869763807,0.0007427139120588397,0.015516887934458466,0.056600390947908946,False
energy_gradient,7301,185,8.951784104399536e-05,0.0010265978136902137,0.0011161156547342091,0.01696848125182433,0.00019476899539170103,0.000741012988056593,0.015520916443527114,0.05659487582975546,False
energy_gradient,7301,186,8.889997337267547e-05,0.0010207312565299114,0.001109631229902587,0.0166114262017774,0.00018937286343331106,0.0007392235733847734,0.015520612583600324,0.056574826328257485,False
energy_gradient,7301,187,8.830526439669097e-05,0.0010151538176959042,0.0011034590820925953,0.016360334778917348,0.0001843186142372852,0.0007373335239606106,0.015514961020793236,0.056536927885731156,False
energy_gradient,7301,188,8.772796036643698e-05,0.001009837544278858,0.001097565504645295,0.016208967926912843,0.00017960749486398375,0.0007353685520783222,0.015505169457634504,0.056485243290645984,False
energy_gradient,7301,189,8.716699870188937e-05,0.0010047539097072856,0.0010919209084091748,0.016140864483335064,0.00017524066771161864,0.0007333659831634195,0.015493690932552042,0.05642786570654995,False
energy_gradient,7301,190,8.662304374019784e-05,0.000999875156541326,0.0010864982002815238,0.016120539061203053,0.0001712192102294473,0.0007313513368817348,0.015482913125356632,0.05637255728719485,False
energy_gradient,7301,191,8.60957791602223e-05,0.0009951749793489994,0.0010812707585092216,0.01609055321559464,0.0001675441146519289,0.0007293284820453555,0.0154741457932162,0.05632346784193231,False
energy_gradient,7301,192,8.55829177242075e-05,0.0009906305072858862,0.0010762134250100937,0.016003834939750924,0.00016421628775390557,0.0007272821095014917,0.01546725809743558,0.05628002357164126,False
energy_gradient,7301,193,8.508062796492396e-05,0.0009862237859880523,0.0010713044139529762,0.015856163893591933,0.00016123655062686923,0.0007251858518819328,0.015460972917117115,0.05623793694145674,True
energy_gradient,7301,194,8.458441241338209e-05,0.0009819407588281418,0.0010665251712415238,0.015681610517704846,0.0001586056384763691,0.0007230113318372347,0.015453569371862931,0.05619150695586373,True
energy_gradient,7301,195,8.408994069138792e-05,0.0009777687662117437,0.0010618587069031317,0.015521115945707736,0.00015632420044061102,0.0007207361316633129,0.015443644272515579,0.056136092771948455,True
energy_gradient,7301,196,8.359378070279767e-05,0.0009736949584576068,0.0010572887391604045,0.015398828504682466,0.00015439279943029266,0.0007183489542866344,0.015430631420468795,0.056069797744685755,True
energy_gradient,7301,197,8.309389566107463e-05,0.0009697063434233662,0.0010528002390844408,0.015320752361212796,0.00015281191198971303,0.0007158502914643226,0.015414923373235462,0.0559938585191352,True
energy_gradient,7301,198,8.258965051775637e-05,0.0009657903191858272,0.0010483799697035836,0.015281952526200923,0.00015158192817919287,0.0007132487728328552,0.015397613013075243,0.055911795405620635,True
energy_gradient,7301,199,8.208129943609384e-05,0.0009619347065749804,0.0010440160060110743,0.015268296427451929,0.00015070315147883246,0.0007105556997880928,0.015380006610867305,0.05582782659680075,True
energy_gradient,7301,200,8.156928088544251e-05,0.0009581275542250754,0.001039696835110518,0.015256858460077008,0.00015017579871363365,0.0007077807152235059,0.015363117039708671,0.05574523223894116,True
