case,index,overlap_eigenvalue,retained_at_1e_10_relative
reactant,0,-1.3966182331641248e-15,False
reactant,1,-8.405216432433051e-16,False
reactant,2,-4.435716691607341e-16,False
reactant,3,-2.3378140278070606e-16,False
reactant,4,-1.8812403968838163e-16,False
reactant,5,-1.666392724013864e-16,False
reactant,6,-1.309578815423827e-16,False
reactant,7,-9.946582020215398e-17,False
reactant,8,-4.648276153392635e-17,False
reactant,9,-3.051064431650117e-17,False
reactant,10,-4.302104321446384e-18,False
reactant,11,-3.1667057053588803e-26,False
reactant,12,-3.775386366088928e-32,False
reactant,13,2.739577695821629e-32,False
reactant,14,3.1515427868855147e-26,False
reactant,15,3.1737518863817386e-24,False
reactant,16,4.254477258212255e-17,False
reactant,17,9.49584468030039e-17,False
reactant,18,1.434620302631134e-16,False
reactant,19,2.550594312768451e-16,False
reactant,20,2.9300696386470413e-16,False
reactant,21,3.684981575317206e-16,False
reactant,22,5.658997159290696e-16,False
reactant,23,0.8438331931918397,True
reactant,24,3.3565738199818207,True
reactant,25,3.986116800246126,True
reactant,26,3.9998067795516055,True
reactant,27,3.9998137053538105,True
reactant,28,4.0055335906076435,True
reactant,29,4.799557092200212,True
reactant,30,6.008765018866942,True
product,0,-8.08374261439669e-16,False
product,1,-3.4616500378309797e-16,False
product,2,-2.3416015599473325e-16,False
product,3,-2.1529926425750805e-16,False
product,4,-1.5514144949856432e-16,False
product,5,-6.337832059984759e-17,False
product,6,-4.400453479421154e-17,False
product,7,-1.2179800137864022e-17,False
product,8,-1.1144671598163866e-17,False
product,9,-4.484830174744462e-18,False
product,10,1.8254534363756487e-34,False
product,11,9.41631872485911e-33,False
product,12,9.19115181860206e-18,False
product,13,1.8156540438283695e-17,False
product,14,4.418212910476181e-17,False
product,15,7.943388804831337e-17,False
product,16,9.180861379131466e-17,False
product,17,1.4033636752603718e-16,False
product,18,2.0307064125505716e-16,False
product,19,2.257117108170647e-16,False
product,20,3.7432692996283284e-16,False
product,21,1.3899547607196107e-15,False
product,22,1.6754603568381957e-15,False
product,23,0.8622610847686678,True
product,24,3.263302638153849,True
product,25,3.988965461875683,True
product,26,3.9998067795516072,True
product,27,4.003552629323396,True
product,28,4.087606109971611,True
product,29,4.76957000161565,True
product,30,6.024935294739536,True
