geometry,resolution,clearance_A,empirical_area_weighted_CDF,analytic_CDF,absolute_CDF_error
circle,80,0.0,0.0,0.0,0.0
circle,80,0.24500000000000002,0.05049088359046283,0.04937500000000006,0.001115883590462774
circle,80,0.49000000000000005,0.09396914446002805,0.09750000000000003,0.003530855539971983
circle,80,0.7350000000000001,0.14165497896213183,0.14437499999999992,0.0027200210378680867
circle,80,0.9800000000000001,0.18513323983169705,0.18999999999999995,0.004866760168302897
circle,80,1.225,0.23281907433380084,0.234375,0.001555925666199165
circle,80,1.4700000000000002,0.27349228611500703,0.2775000000000001,0.004007713884993047
circle,80,1.715,0.3155680224403927,0.3193750000000001,0.0038069775596073496
circle,80,1.9600000000000002,0.3590462833099579,0.3599999999999999,0.0009537166900419614
circle,80,2.205,0.40392706872370265,0.3993749999999999,0.004552068723702729
circle,80,2.45,0.43899018232819076,0.4375,0.001490182328190759
circle,80,2.6950000000000003,0.47124824684431976,0.474375,0.0031267531556802286
circle,80,2.9400000000000004,0.5105189340813464,0.51,0.0005189340813464005
circle,80,3.1850000000000005,0.5483870967741935,0.5443749999999999,0.004012096774193563
circle,80,3.43,0.576437587657784,0.5774999999999999,0.0010624123422159348
circle,80,3.6750000000000003,0.605890603085554,0.609375,0.0034843969144460196
circle,80,3.9200000000000004,0.6395511921458625,0.64,0.0004488078541374785
circle,80,4.165,0.6690042075736325,0.669375,0.00037079242636750553
circle,80,4.41,0.6942496493688639,0.6975,0.003250350631136101
circle,80,4.655,0.7237026647966339,0.724375,0.0006723352033660701
circle,80,4.9,0.7489481065918654,0.75,0.0010518934081346076
circle,80,5.1450000000000005,0.7727910238429172,0.774375,0.0015839761570828337
circle,80,5.390000000000001,0.7980364656381487,0.7975000000000001,0.0005364656381485755
circle,80,5.635000000000001,0.8162692847124825,0.8193750000000001,0.003105715287517574
circle,80,5.880000000000001,0.8387096774193549,0.8400000000000001,0.001290322580645209
circle,80,6.125000000000001,0.8625525946704067,0.859375,0.0031775946704066804
circle,80,6.370000000000001,0.8779803646563815,0.8775000000000001,0.0004803646563814601
circle,80,6.615,0.8948106591865358,0.8943749999999999,0.000435659186535875
circle,80,6.86,0.9102384291725105,0.9099999999999999,0.00023842917251060136
circle,80,7.105,0.9242636746143057,0.924375,0.00011132538569424977
circle,80,7.3500000000000005,0.9368863955119214,0.9375,0.0006136044880785674
circle,80,7.595000000000001,0.9481065918653576,0.949375,0.0012684081346423515
circle,80,7.840000000000001,0.9607293127629734,0.96,0.0007293127629733887
circle,80,8.085,0.9691444600280504,0.969375,0.00023053997194955045
circle,80,8.33,0.9789621318373072,0.9775,0.0014621318373071457
circle,80,8.575000000000001,0.9845722300140253,0.984375,0.00019723001402527363
circle,80,8.82,0.9887798036465638,0.99,0.001220196353436176
circle,80,9.065000000000001,0.9943899018232819,0.994375,1.4901823281898707e-05
circle,80,9.31,0.9985974754558204,0.9974999999999999,0.0010974754558205069
circle,80,9.555000000000001,0.9985974754558204,0.999375,0.0007775245441795642
circle,80,9.8,1.0,1.0,0.0
hexagon,80,0.0,0.0,0.0,0.0
hexagon,80,0.24500000000000002,0.05477707006369427,0.04937500000000006,0.0054020700636942115
hexagon,80,0.49000000000000005,0.08662420382165605,0.09750000000000003,0.010875796178343985
hexagon,80,0.7350000000000001,0.14012738853503184,0.14437499999999992,0.004247611464968076
hexagon,80,0.9800000000000001,0.18980891719745224,0.18999999999999995,0.00019108280254770404
hexagon,80,1.225,0.2394904458598726,0.234375,0.005115445859872614
hexagon,80,1.4700000000000002,0.26878980891719745,0.2775000000000001,0.008710191082802632
hexagon,80,1.715,0.3146496815286624,0.3193750000000001,0.0047253184713376695
hexagon,80,1.9600000000000002,0.36050955414012736,0.3599999999999999,0.0005095541401274883
hexagon,80,2.205,0.40382165605095544,0.3993749999999999,0.004446656050955511
hexagon,80,2.45,0.42929936305732486,0.4375,0.008200636942675144
hexagon,80,2.6950000000000003,0.4713375796178344,0.474375,0.00303742038216559
hexagon,80,2.9400000000000004,0.5095541401273885,0.51,0.00044585987261147597
hexagon,80,3.1850000000000005,0.5490445859872611,0.5443749999999999,0.004669585987261193
hexagon,80,3.43,0.5707006369426751,0.5774999999999999,0.006799363057324759
hexagon,80,3.6750000000000003,0.6063694267515923,0.609375,0.003005573248407667
hexagon,80,3.9200000000000004,0.6394904458598726,0.64,0.0005095541401274328
hexagon,80,4.165,0.6726114649681528,0.669375,0.0032364649681527746
hexagon,80,4.41,0.6904458598726114,0.6975,0.007054140127388586
hexagon,80,4.655,0.7222929936305732,0.724375,0.002082006369426792
hexagon,80,4.9,0.7490445859872611,0.75,0.0009554140127389088
hexagon,80,5.1450000000000005,0.7770700636942676,0.774375,0.00269506369426753
hexagon,80,5.390000000000001,0.7936305732484077,0.7975000000000001,0.0038694267515924086
hexagon,80,5.635000000000001,0.8165605095541402,0.8193750000000001,0.0028144904458599074
hexagon,80,5.880000000000001,0.8407643312101911,0.8400000000000001,0.0007643312101910382
hexagon,80,6.125000000000001,0.8611464968152867,0.859375,0.001771496815286655
hexagon,80,6.370000000000001,0.8738853503184714,0.8775000000000001,0.003614649681528692
hexagon,80,6.615,0.8929936305732484,0.8943749999999999,0.0013813694267514887
hexagon,80,6.86,0.9095541401273886,0.9099999999999999,0.00044585987261136495
hexagon,80,7.105,0.9261146496815287,0.924375,0.0017396496815287321
hexagon,80,7.3500000000000005,0.935031847133758,0.9375,0.002468152866242024
hexagon,80,7.595000000000001,0.9477707006369427,0.949375,0.0016042993630572822
hexagon,80,7.840000000000001,0.9592356687898089,0.96,0.0007643312101910382
hexagon,80,8.085,0.9707006369426752,0.969375,0.001325636942675179
hexagon,80,8.33,0.975796178343949,0.9775,0.0017038216560509856
hexagon,80,8.575000000000001,0.9847133757961783,0.984375,0.00033837579617834734
hexagon,80,8.82,0.9898089171974522,0.99,0.00019108280254775956
hexagon,80,9.065000000000001,0.9949044585987261,0.994375,0.0005294585987261069
hexagon,80,9.31,0.9974522292993631,0.9974999999999999,4.777070063688438e-05
hexagon,80,9.555000000000001,0.9987261146496815,0.999375,0.0006488853503184844
hexagon,80,9.8,1.0,1.0,0.0
periodic_disk,80,0.0,0.0,0.0,0.0
periodic_disk,80,0.38461940777125597,0.011904761904761904,0.011910362368447114,5.600463685209722e-06
periodic_disk,80,0.7692388155425119,0.024951076320939333,0.02525572226076145,0.0003046459398221152
periodic_disk,80,1.153858223313768,0.040117416829745595,0.04003607967694278,8.133715280281284e-05
periodic_disk,80,1.5384776310850239,0.05642530984996738,0.05625143461699167,0.00017387523297571206
periodic_disk,80,1.9230970388562798,0.07322243966079582,0.07390178708090755,0.0006793474201117339
periodic_disk,80,2.307716446627536,0.09262883235485975,0.09298713706869077,0.0003583047138310258
periodic_disk,80,2.6923358543987916,0.11382909328114807,0.1135074845803411,0.000321608700806969
periodic_disk,80,3.0769552621700478,0.13519243313763862,0.13546282961585876,0.00027039647822013624
periodic_disk,80,3.461574669941304,0.15900195694716243,0.15885317217524353,0.00014878477191890283
periodic_disk,80,3.8461940777125596,0.18362687540769732,0.18367851225849563,5.163685079831448e-05
periodic_disk,80,4.230813485483815,0.20955642530984997,0.20993884986561473,0.00038242455576475987
periodic_disk,80,4.615432893255072,0.2374429223744292,0.23763418499660138,0.0001912626221721725
periodic_disk,80,5.000052301026328,0.2663078930202218,0.26676451765145515,0.00045662463123335995
periodic_disk,80,5.384671708797583,0.297129810828441,0.297329847830176,0.0002000370017350428
periodic_disk,80,5.76929111656884,0.33007175472928896,0.3293301755327642,0.0007415791965247331
periodic_disk,80,6.1539105243400956,0.36170906718851925,0.36276550075921943,0.001056433570700177
periodic_disk,80,6.538529932111351,0.3972602739726027,0.3976358235095421,0.0003755495369393569
periodic_disk,80,6.923149339882608,0.43395303326810175,0.43394114378373194,1.1889484369809189e-05
periodic_disk,80,7.3077687476538635,0.4717873450750163,0.4716814615817888,0.00010588349322748769
periodic_disk,80,7.692388155425119,0.5110893672537509,0.5108567769037131,0.00023259035003775352
periodic_disk,80,8.077007563196375,0.5512067840834964,0.5514670897495044,0.0002603056660079872
periodic_disk,80,8.46162697096763,0.5934442270058709,0.5935124001191632,6.817311329232467e-05
periodic_disk,80,8.846246378738888,0.636986301369863,0.6369927080126891,6.406642826140008e-06
periodic_disk,80,9.230865786510144,0.6816699282452707,0.6819080134300821,0.0002380851848113874
periodic_disk,80,9.6154851942814,0.7286366601435095,0.7282583163713425,0.0003783437721669447
periodic_disk,80,10.000104602052655,0.7770711024135681,0.7760435719199761,0.0010275304935920548
periodic_disk,80,10.38472400982391,0.8149054142204827,0.815141831890177,0.0002364176696942888
periodic_disk,80,10.769343417595167,0.8467058056099152,0.8470066931478292,0.00030088753791401857
periodic_disk,80,11.153962825366424,0.8745923026744945,0.8743723534288389,0.00021994924565560403
periodic_disk,80,11.53858223313768,0.8979125896934116,0.8981575050868184,0.0002449153934067638
periodic_disk,80,11.923201640908935,0.9189497716894978,0.9188666695022669,8.31021872308435e-05
periodic_disk,80,12.307821048680191,0.9370515329419439,0.9368240624578411,0.00022747048410276527
periodic_disk,80,12.692440456451447,0.9522178734507502,0.9522567122710625,3.883882031230357e-05
periodic_disk,80,13.077059864222703,0.9657534246575342,0.9653326018924084,0.0004208227651257834
periodic_disk,80,13.461679271993958,0.9763535551206785,0.976180929858657,0.0001726252620214419
periodic_disk,80,13.846298679765216,0.9848336594911937,0.984903969225897,7.030973470323332e-05
periodic_disk,80,14.230918087536471,0.9918460534898891,0.9915845094348149,0.0002615440550741699
periodic_disk,80,14.615537495307727,0.9965753424657534,0.9962907788808076,0.00028456358494577394
periodic_disk,80,15.000156903078983,0.9990215264187867,0.9990798384099702,5.831199118344621e-05
periodic_disk,80,15.384776310850238,1.0,1.0,0.0
