seed_index,actual_seed,point,relative_pressure,noisy_volume_cm3_g,noise_model
0,202609280,0,0.01,79.77601219467576,"Independent multiplicative lognormal, log SD 0.01, mean factor 1"
0,202609280,1,0.05947368421052632,136.85094302700995,"Independent multiplicative lognormal, log SD 0.01, mean factor 1"
0,202609280,2,0.10894736842105263,151.97333356899665,"Independent multiplicative lognormal, log SD 0.01, mean factor 1"
0,202609280,3,0.15842105263157896,164.65521650739987,"Independent multiplicative lognormal, log SD 0.01, mean factor 1"
0,202609280,4,0.20789473684210527,177.56253673060579,"Independent multiplicative lognormal, log SD 0.01, mean factor 1"
0,202609280,5,0.2573684210526316,188.45292347406465,"Independent multiplicative lognormal, log SD 0.01, mean factor 1"
1,202609281,0,0.01,78.64318980470969,"Independent multiplicative lognormal, log SD 0.01, mean factor 1"
1,202609281,1,0.05947368421052632,136.3458926629436,"Independent multiplicative lognormal, log SD 0.01, mean factor 1"
1,202609281,2,0.10894736842105263,152.21746721343874,"Independent multiplicative lognormal, log SD 0.01, mean factor 1"
1,202609281,3,0.15842105263157896,164.1899682848384,"Independent multiplicative lognormal, log SD 0.01, mean factor 1"
1,202609281,4,0.20789473684210527,178.85826153618268,"Independent multiplicative lognormal, log SD 0.01, mean factor 1"
1,202609281,5,0.2573684210526316,190.46825690698958,"Independent multiplicative lognormal, log SD 0.01, mean factor 1"
2,202609282,0,0.01,79.99798617793954,"Independent multiplicative lognormal, log SD 0.01, mean factor 1"
2,202609282,1,0.05947368421052632,133.5835811121703,"Independent multiplicative lognormal, log SD 0.01, mean factor 1"
2,202609282,2,0.10894736842105263,153.74261824693355,"Independent multiplicative lognormal, log SD 0.01, mean factor 1"
2,202609282,3,0.15842105263157896,164.2252046718615,"Independent multiplicative lognormal, log SD 0.01, mean factor 1"
2,202609282,4,0.20789473684210527,175.56404945419132,"Independent multiplicative lognormal, log SD 0.01, mean factor 1"
2,202609282,5,0.2573684210526316,187.76977376455844,"Independent multiplicative lognormal, log SD 0.01, mean factor 1"
3,202609283,0,0.01,78.71742212267357,"Independent multiplicative lognormal, log SD 0.01, mean factor 1"
3,202609283,1,0.05947368421052632,134.20659554385853,"Independent multiplicative lognormal, log SD 0.01, mean factor 1"
3,202609283,2,0.10894736842105263,150.42127592384648,"Independent multiplicative lognormal, log SD 0.01, mean factor 1"
3,202609283,3,0.15842105263157896,166.09656535628827,"Independent multiplicative lognormal, log SD 0.01, mean factor 1"
3,202609283,4,0.20789473684210527,177.45217179815407,"Independent multiplicative lognormal, log SD 0.01, mean factor 1"
3,202609283,5,0.2573684210526316,190.5415385155696,"Independent multiplicative lognormal, log SD 0.01, mean factor 1"
4,202609284,0,0.01,78.40254587583584,"Independent multiplicative lognormal, log SD 0.01, mean factor 1"
4,202609284,1,0.05947368421052632,133.0078414041801,"Independent multiplicative lognormal, log SD 0.01, mean factor 1"
4,202609284,2,0.10894736842105263,148.79902125077163,"Independent multiplicative lognormal, log SD 0.01, mean factor 1"
4,202609284,3,0.15842105263157896,164.10603443631618,"Independent multiplicative lognormal, log SD 0.01, mean factor 1"
4,202609284,4,0.20789473684210527,174.86832966898731,"Independent multiplicative lognormal, log SD 0.01, mean factor 1"
4,202609284,5,0.2573684210526316,188.6794219040812,"Independent multiplicative lognormal, log SD 0.01, mean factor 1"
5,202609285,0,0.01,76.63100126950238,"Independent multiplicative lognormal, log SD 0.01, mean factor 1"
5,202609285,1,0.05947368421052632,136.85147035945838,"Independent multiplicative lognormal, log SD 0.01, mean factor 1"
5,202609285,2,0.10894736842105263,149.90153010314492,"Independent multiplicative lognormal, log SD 0.01, mean factor 1"
5,202609285,3,0.15842105263157896,167.71133621681406,"Independent multiplicative lognormal, log SD 0.01, mean factor 1"
5,202609285,4,0.20789473684210527,182.4613602283841,"Independent multiplicative lognormal, log SD 0.01, mean factor 1"
5,202609285,5,0.2573684210526316,189.27510970129532,"Independent multiplicative lognormal, log SD 0.01, mean factor 1"
6,202609286,0,0.01,79.09367408009757,"Independent multiplicative lognormal, log SD 0.01, mean factor 1"
6,202609286,1,0.05947368421052632,135.37217990089735,"Independent multiplicative lognormal, log SD 0.01, mean factor 1"
6,202609286,2,0.10894736842105263,151.1263091702605,"Independent multiplicative lognormal, log SD 0.01, mean factor 1"
6,202609286,3,0.15842105263157896,162.55408872192874,"Independent multiplicative lognormal, log SD 0.01, mean factor 1"
6,202609286,4,0.20789473684210527,176.6032345931605,"Independent multiplicative lognormal, log SD 0.01, mean factor 1"
6,202609286,5,0.2573684210526316,190.3740076391688,"Independent multiplicative lognormal, log SD 0.01, mean factor 1"
7,202609287,0,0.01,78.6963872589698,"Independent multiplicative lognormal, log SD 0.01, mean factor 1"
7,202609287,1,0.05947368421052632,137.4983410825107,"Independent multiplicative lognormal, log SD 0.01, mean factor 1"
7,202609287,2,0.10894736842105263,152.57120910686444,"Independent multiplicative lognormal, log SD 0.01, mean factor 1"
7,202609287,3,0.15842105263157896,167.87530729757884,"Independent multiplicative lognormal, log SD 0.01, mean factor 1"
7,202609287,4,0.20789473684210527,176.37342410553939,"Independent multiplicative lognormal, log SD 0.01, mean factor 1"
7,202609287,5,0.2573684210526316,191.2981180454319,"Independent multiplicative lognormal, log SD 0.01, mean factor 1"
