scenario,q_uL_min,eta_V,km_m_s,ks_m_s,keff_m_s,mass_transfer_resistance_fraction,Da,Ceq_mol_m3,Cout_mol_m3,conversion,residence_s,STY_mmol_L_h,consumption_mol_s,current_from_molar_balance_A,current_integrated_A,current_relative_error,analytic_ode_error,delta_effective_over_height
base,100,0.45,2.5875115507430867e-06,6.592308164868361e-05,2.4897862835608296e-06,0.9622319493977941,1.4938717701364976,1.2358689743714439e-06,11.225088532426721,0.7754982293514655,300.0,465.29893761087925,6.462485244595547e-08,0.00623535021444932,0.006235379204291478,4.649272480432654e-06,8.379075211450981e-12,0.9275320913295104
base,300,0.45,3.731837422224672e-06,6.592308164868361e-05,3.5319002069974276e-06,0.9464239213539868,0.7063800413994855,1.2358689743714439e-06,24.67135833955122,0.5065728332089756,100.0,911.8310997761561,1.2664320830224393e-07,0.012219211745300745,0.012219224447493616,1.0395263733219257e-06,7.435829729729448e-12,0.6431148328453388
base,600,0.45,4.701820523046287e-06,6.592308164868361e-05,4.388798974681036e-06,0.9334254578984981,0.43887989746810363,1.2358689743714439e-06,32.23791104270845,0.35524177914583105,50.0,1278.8704049249916,1.7762088957291556e-07,0.017137810145336316,0.017137817022437784,4.0128239313160626e-07,5.137223979545524e-12,0.5104405810975217
base,1200,0.45,5.923922649813738e-06,6.592308164868361e-05,5.435483919436358e-06,0.9175480911465416,0.2717741959718179,1.2358689743714439e-06,38.10131580784669,0.23797368384306622,25.0,1713.4105236700768,2.3797368384306626e-07,0.022960969416913918,0.022960972950091026,1.5387752339061212e-07,3.389288849575678e-12,0.40513695770073255
half_j0,100,0.45,2.5875115507430867e-06,3.2961540824341804e-05,2.3991741527560354e-06,0.9272129247372967,1.439504491653621,1.2358689743714439e-06,11.852260315667358,0.7629547936866529,300.0,457.77287621199173,6.357956614055442e-08,0.0061344954203282195,0.006134521903090546,4.317023734189691e-06,8.807177209746442e-12,0.9275320913295104
half_j0,300,0.45,3.731837422224672e-06,3.2961540824341804e-05,3.3522972650787535e-06,0.8982967063662537,0.6704594530157507,1.2358689743714439e-06,25.57367689071041,0.4885264621857918,100.0,879.3476319344252,1.2213161554644798e-07,0.011783909229432165,0.011783920264959898,9.364912371680675e-07,7.684519687245484e-12,0.6431148328453388
half_j0,600,0.45,4.701820523046287e-06,3.2961540824341804e-05,4.114854425489719e-06,0.8751619516994504,0.41148544254897196,1.2358689743714439e-06,33.13325879890132,0.3373348240219735,50.0,1214.4053664791047,1.686674120109868e-07,0.016273930908126025,0.01627393664876388,3.527505362027626e-07,5.243805389909539e-12,0.5104405810975217
half_j0,1200,0.45,5.923922649813738e-06,3.2961540824341804e-05,5.021455341321968e-06,0.8476571417555315,0.25107276706609843,1.2358689743714439e-06,38.898288235075334,0.2220342352984933,25.0,1598.646494149152,2.2203423529849335e-07,0.021423046464072778,0.02142304927752275,1.3132819264113375e-07,1.6342482922482304e-12,0.40513695770073255
double_j0,100,0.45,2.5875115507430867e-06,0.00013184616329736722,2.5377084338321377e-06,0.9807525045070249,1.5226250602992826,1.2358689743714439e-06,10.906926364641377,0.7818614727071724,300.0,469.1168836243034,6.515512272559771e-08,0.006286513517369794,0.006286543881031467,4.8299684059773676e-06,8.23163759378076e-12,0.9275320913295104
double_j0,300,0.45,3.731837422224672e-06,0.00013184616329736722,3.6291171396419537e-06,0.9724746094320788,0.7258234279283907,1.2358689743714439e-06,24.196296974198685,0.5160740605160263,100.0,928.9333089288473,1.290185151290066e-07,0.012448394008332194,0.01244840767095119,1.0975406937699733e-06,7.336353746723034e-12,0.6431148328453388
double_j0,600,0.45,4.701820523046287e-06,0.00013184616329736722,4.5399205402533195e-06,0.9655665327931163,0.453992054025332,1.2358689743714439e-06,31.754389431848082,0.36491221136303836,50.0,1313.683960906938,1.824561056815192e-07,0.017604337567196256,0.01760434512638025,4.2939326544829806e-07,5.048406137575512e-12,0.5104405810975217
double_j0,1200,0.45,5.923922649813738e-06,0.00013184616329736722,5.669202190581171e-06,0.9570013867009934,0.28346010952905853,1.2358689743714439e-06,37.658658603701646,0.24682682792596708,25.0,1777.1531610669626,2.468268279259671e-07,0.023815167945290153,0.023815171931831733,1.6739506471863804e-07,5.002220859751105e-12,0.40513695770073255
half_D,100,0.45,1.6300301348136705e-06,6.592308164868361e-05,1.590698145949617e-06,0.9758703915811043,0.9544188875697701,1.2358689743714439e-06,19.251792193014868,0.6149641561397027,300.0,368.97849368382157,5.1247013011641895e-08,0.004944584961942562,0.004944594345477861,1.8977397235215616e-06,8.565592679588008e-12,0.7361827087553645
half_D,300,0.45,2.3509102615231433e-06,6.592308164868361e-05,2.2699602701266598e-06,0.9655665327931163,0.453992054025332,1.2358689743714439e-06,31.754389431848082,0.36491221136303836,100.0,656.841980453469,9.12280528407596e-08,0.008802168783598128,0.008802172563190125,4.2939326544829806e-07,5.048406137575512e-12,0.5104405810975217
half_D,600,0.45,2.961961324906869e-06,6.592308164868361e-05,2.8346010952905854e-06,0.9570013867009934,0.28346010952905853,1.2358689743714439e-06,37.658658603701646,0.24682682792596708,50.0,888.5765805334813,1.2341341396298356e-07,0.011907583972645077,0.011907585965915866,1.6739506471863804e-07,5.002220859751105e-12,0.40513695770073255
half_D,1200,0.45,3.731837422224672e-06,6.592308164868361e-05,3.5319002069974276e-06,0.9464239213539868,0.17659501034987138,1.2358689743714439e-06,41.905957469013096,0.1618808506197381,25.0,1165.542124462114,1.6188085061973812e-07,0.015619127292726137,0.015619128307507252,6.497041070366718e-08,5.684341886080802e-14,0.3215574164226694
double_D,100,0.45,4.107418557629442e-06,6.592308164868361e-05,3.866510850875151e-06,0.941348147656681,2.3199065105250907,1.2358689743714439e-06,4.914139793392342,0.9017172041321531,300.0,541.0303224792918,7.514310034434611e-08,0.007250206833947348,0.007250288126198909,1.1212404476498514e-05,7.227995979519619e-12,1.1686172063190645
double_D,300,0.45,5.923922649813739e-06,6.592308164868361e-05,5.435483919436359e-06,0.9175480911465416,1.0870967838872718,1.2358689743714439e-06,16.859701876578036,0.6628059624684393,100.0,1193.0507324431906,1.6570149061710984e-07,0.015987763003683746,0.015987802366183638,2.462039241039211e-06,9.958256441677804e-12,0.8102739154014649
double_D,600,0.45,7.463674844449344e-06,6.592308164868361e-05,6.704594530157507e-06,0.8982967063662537,0.6704594530157507,1.2358689743714439e-06,25.57367689071041,0.4885264621857918,50.0,1758.6952638688504,2.4426323109289597e-07,0.02356781845886433,0.023567840529919795,9.364912371680675e-07,7.684519687245484e-12,0.6431148328453388
double_D,1200,0.45,9.403641046092573e-06,6.592308164868361e-05,8.229708850979438e-06,0.8751619516994504,0.41148544254897196,1.2358689743714439e-06,33.13325879890132,0.3373348240219735,25.0,2428.8107329582094,3.373348240219736e-07,0.03254786181625205,0.03254787329752776,3.527505362027626e-07,5.243805389909539e-12,0.5104405810975217
