conformer_id,atom_index,site_label,aromatic,attached_H,gasteiger_charge,h_sasa_sum_A2,h_sasa_mean_A2,heuristic_score
0,0,methoxy_methyl,False,3,0.07750710508802804,71.57577586528518,23.85859195509506,0.5897248557497181
0,3,C6,True,1,-0.017876016144633453,14.494144147228603,14.494144147228603,0.39723612027954286
0,4,C7,True,1,-0.03431547016691696,24.19675480593799,24.19675480593799,0.6658360769251633
0,8,C3,True,1,-0.028502156990270693,18.983349670851176,18.983349670851176,0.5233239520835271
0,10,C4,True,1,-0.01055598124784651,21.479204622866703,21.479204622866703,0.57911237869182
0,12,phenyl_atom_12,True,1,-0.05289811346612169,17.510955850899062,17.510955850899062,0.4986976907703147
0,13,phenyl_atom_13,True,1,-0.06159584740200701,27.015716027377017,27.015716027377017,0.7573766025045914
0,14,phenyl_atom_14,True,1,-0.062223563677162474,27.197563134541024,27.197563134541024,0.7626024884607249
0,15,phenyl_atom_15,True,1,-0.06159584740200701,26.617737626045137,26.617737626045137,0.7467638451357412
0,16,phenyl_atom_16,True,1,-0.05289811346612169,17.989637454541647,17.989637454541647,0.511462533534117
1,0,methoxy_methyl,False,3,0.07750710508802804,71.79925925538325,23.933086418461084,0.5917113747728121
1,3,C6,True,1,-0.017876016144633453,14.58495038387472,14.58495038387472,0.39965761992343923
1,4,C7,True,1,-0.03431547016691696,23.958556360083108,23.958556360083108,0.6594841183690331
1,8,C3,True,1,-0.028502156990270693,18.84232254587953,18.84232254587953,0.5195632287509498
1,10,C4,True,1,-0.01055598124784651,21.351777916067917,21.351777916067917,0.5757143331771858
1,12,phenyl_atom_12,True,1,-0.05289811346612169,17.605766797237116,17.605766797237116,0.5012259826726628
1,13,phenyl_atom_13,True,1,-0.06159584740200701,26.67707464054966,26.67707464054966,0.7483461655225284
1,14,phenyl_atom_14,True,1,-0.062223563677162474,26.76629191839184,26.76629191839184,0.7511019226967466
1,15,phenyl_atom_15,True,1,-0.06159584740200701,26.687816644865045,26.687816644865045,0.7486326189709387
1,16,phenyl_atom_16,True,1,-0.05289811346612169,17.51143101931173,17.51143101931173,0.4987103619279858
2,0,methoxy_methyl,False,3,0.07750710508802804,72.19116014264912,24.063720047549708,0.5951949382151753
2,3,C6,True,1,-0.017876016144633453,23.823663459074744,23.823663459074744,0.6460233019287732
2,4,C7,True,1,-0.03431547016691696,24.51559418703893,24.51559418703893,0.6743384604211883
2,8,C3,True,1,-0.028502156990270693,19.084673918409866,19.084673918409866,0.5260259320184255
2,10,C4,True,1,-0.01055598124784651,12.203756275934332,12.203756275934332,0.3317670894402901
2,12,phenyl_atom_12,True,1,-0.05289811346612169,17.603949028833135,17.603949028833135,0.5011775088485566
2,13,phenyl_atom_13,True,1,-0.06159584740200701,26.481825038304613,26.481825038304613,0.7431395094626606
2,14,phenyl_atom_14,True,1,-0.062223563677162474,26.872201341072103,26.872201341072103,0.7539261739682204
2,15,phenyl_atom_15,True,1,-0.06159584740200701,26.45219165117745,26.45219165117745,0.7423492858059362
2,16,phenyl_atom_16,True,1,-0.05289811346612169,17.38383551395953,17.38383551395953,0.4953078151185938
3,0,methoxy_methyl,False,3,0.07750710508802804,71.59451748852295,23.864839162840983,0.5898914479562761
3,3,C6,True,1,-0.017876016144633453,14.256521449423783,14.256521449423783,0.3908995150047476
3,4,C7,True,1,-0.03431547016691696,24.07212984306321,24.07212984306321,0.6625127445818358
3,8,C3,True,1,-0.028502156990270693,19.131051565697756,19.131051565697756,0.5272626692794359
3,10,C4,True,1,-0.01055598124784651,21.60415873209815,21.60415873209815,0.5824444882713253
3,12,phenyl_atom_12,True,1,-0.05289811346612169,17.844164278318583,17.844164278318583,0.5075832488348352
3,13,phenyl_atom_13,True,1,-0.06159584740200701,27.16743770560688,27.16743770560688,0.7614225139240544
3,14,phenyl_atom_14,True,1,-0.062223563677162474,26.778109708940182,26.778109708940182,0.7514170637780357
3,15,phenyl_atom_15,True,1,-0.06159584740200701,26.973274836347468,26.973274836347468,0.75624483741047
3,16,phenyl_atom_16,True,1,-0.05289811346612169,18.11463473194079,18.11463473194079,0.5147957942647607
4,0,methoxy_methyl,False,3,0.07750710508802804,71.6162882442401,23.872096081413364,0.5900849657848728
4,3,C6,True,1,-0.017876016144633453,14.691254176357473,14.691254176357473,0.40249238772297935
4,4,C7,True,1,-0.03431547016691696,24.053482381281643,24.053482381281643,0.6620154789343273
4,8,C3,True,1,-0.028502156990270693,18.947967920983412,18.947967920983412,0.5223804387537201
4,10,C4,True,1,-0.01055598124784651,21.40987564515008,21.40987564515008,0.5772636059527101
4,12,phenyl_atom_12,True,1,-0.05289811346612169,17.619805727025817,17.619805727025817,0.5016003541336947
4,13,phenyl_atom_13,True,1,-0.06159584740200701,26.77186980497195,26.77186980497195,0.7508740365737896
4,14,phenyl_atom_14,True,1,-0.062223563677162474,26.99937834723184,26.99937834723184,0.7573175607991466
4,15,phenyl_atom_15,True,1,-0.06159584740200701,26.657236998989625,26.657236998989625,0.7478171617475942
4,16,phenyl_atom_16,True,1,-0.05289811346612169,17.712268872658985,17.712268872658985,0.5040660380172459
5,0,methoxy_methyl,False,3,0.07750710508802804,71.79785143674764,23.932617145582544,0.5916988608293844
5,3,C6,True,1,-0.017876016144633453,23.432689307963855,23.432689307963855,0.6355973245658162
5,4,C7,True,1,-0.03431547016691696,24.148865115925602,24.148865115925602,0.664559018524833
5,8,C3,True,1,-0.028502156990270693,18.752891882754533,18.752891882754533,0.5171784110676166
5,10,C4,True,1,-0.01055598124784651,12.210598279414555,12.210598279414555,0.3319495428664294
5,12,phenyl_atom_12,True,1,-0.05289811346612169,17.927427505369852,17.927427505369852,0.5098036015562024
5,13,phenyl_atom_13,True,1,-0.06159584740200701,27.01085948044234,27.01085948044234,0.7572470945863333
5,14,phenyl_atom_14,True,1,-0.062223563677162474,26.356478574113925,26.356478574113925,0.7401735668493356
5,15,phenyl_atom_15,True,1,-0.06159584740200701,26.968577049905036,26.968577049905036,0.7561195631053385
5,16,phenyl_atom_16,True,1,-0.05289811346612169,17.737217430912466,17.737217430912466,0.5047313329040054
6,0,methoxy_methyl,False,3,0.07750710508802804,71.17315806548454,23.72438602182818,0.5861460308626013
6,3,C6,True,1,-0.017876016144633453,23.71006589255109,23.71006589255109,0.6429940334881424
6,4,C7,True,1,-0.03431547016691696,24.129999266282546,24.129999266282546,0.6640559292010181
6,8,C3,True,1,-0.028502156990270693,18.849510288148018,18.849510288148018,0.5197549018781096
6,10,C4,True,1,-0.01055598124784651,12.084868986511495,12.084868986511495,0.32859676172234786
6,12,phenyl_atom_12,True,1,-0.05289811346612169,17.365270337023187,17.365270337023187,0.4948127437336247
6,13,phenyl_atom_13,True,1,-0.06159584740200701,26.56272096355489,26.56272096355489,0.7452967341360013
6,14,phenyl_atom_14,True,1,-0.062223563677162474,26.799375063989313,26.799375063989313,0.7519841399126792
6,15,phenyl_atom_15,True,1,-0.06159584740200701,26.622216823852558,26.622216823852558,0.7468832904106057
6,16,phenyl_atom_16,True,1,-0.05289811346612169,17.524740145762173,17.524740145762173,0.49906527196666434
7,0,methoxy_methyl,False,3,0.07750710508802804,71.08325514850803,23.69441838283601,0.58534689382281
7,3,C6,True,1,-0.017876016144633453,23.48815766889745,23.48815766889745,0.6370764808573788
7,4,C7,True,1,-0.03431547016691696,24.472174427473117,24.472174427473117,0.6731806001661
7,8,C3,True,1,-0.028502156990270693,18.7296879317719,18.7296879317719,0.5165596390414131
7,10,C4,True,1,-0.01055598124784651,11.83233599365353,11.83233599365353,0.3218625485794688
7,12,phenyl_atom_12,True,1,-0.05289811346612169,17.147357755509848,17.147357755509848,0.48900174155993564
7,13,phenyl_atom_13,True,1,-0.06159584740200701,26.5520921975805,26.5520921975805,0.7450133003766842
7,14,phenyl_atom_14,True,1,-0.062223563677162474,27.10807619725523,27.10807619725523,0.7602161701331037
7,15,phenyl_atom_15,True,1,-0.06159584740200701,26.464192220827144,26.464192220827144,0.7426693009965948
7,16,phenyl_atom_16,True,1,-0.05289811346612169,17.27692734908692,17.27692734908692,0.492456930721991
8,0,methoxy_methyl,False,3,0.07750710508802804,71.69450322278827,23.898167740929424,0.5907802100386345
8,3,C6,True,1,-0.017876016144633453,14.31213622416091,14.31213622416091,0.3923825756644043
8,4,C7,True,1,-0.03431547016691696,23.997050707319307,23.997050707319307,0.6605106342953317
8,8,C3,True,1,-0.028502156990270693,18.66835949694151,18.66835949694151,0.5149242141126027
8,10,C4,True,1,-0.01055598124784651,21.34128485634499,21.34128485634499,0.575434518251241
8,12,phenyl_atom_12,True,1,-0.05289811346612169,17.787367032637903,17.787367032637903,0.5060686556166838
8,13,phenyl_atom_13,True,1,-0.06159584740200701,26.83416663352603,26.83416663352603,0.7525352853352317
8,14,phenyl_atom_14,True,1,-0.062223563677162474,26.857812110749016,26.857812110749016,0.7535424611596047
8,15,phenyl_atom_15,True,1,-0.06159584740200701,27.01117110405155,27.01117110405155,0.7572554045492456
8,16,phenyl_atom_16,True,1,-0.05289811346612169,18.067472191564416,18.067472191564416,0.5135381265213907
9,0,methoxy_methyl,False,3,0.07750710508802804,72.35005234832056,24.116684116106853,0.5966073133766994
9,3,C6,True,1,-0.017876016144633453,14.431098135427526,14.431098135427526,0.3955548932981808
9,4,C7,True,1,-0.03431547016691696,24.08937393009885,24.08937393009885,0.6629725869027863
9,8,C3,True,1,-0.028502156990270693,18.823094571400205,18.823094571400205,0.5190504827648346
9,10,C4,True,1,-0.01055598124784651,21.471177435688798,21.471177435688798,0.5788983203670759
9,12,phenyl_atom_12,True,1,-0.05289811346612169,17.704296734409954,17.704296734409954,0.5038534476639385
9,13,phenyl_atom_13,True,1,-0.06159584740200701,26.73625223745841,26.73625223745841,0.7499242347734284
9,14,phenyl_atom_14,True,1,-0.062223563677162474,26.762051854548986,26.762051854548986,0.7509888543276039
9,15,phenyl_atom_15,True,1,-0.06159584740200701,26.35681147919004,26.35681147919004,0.7398058145529386
9,16,phenyl_atom_16,True,1,-0.05289811346612169,17.29908891938029,17.29908891938029,0.49304790592981407
10,0,methoxy_methyl,False,3,0.07750710508802804,70.90172655792666,23.63390885264222,0.5837333063509758
10,3,C6,True,1,-0.017876016144633453,23.719369360299705,23.719369360299705,0.6432421259614389
10,4,C7,True,1,-0.03431547016691696,24.11258534512468,24.11258534512468,0.6635915579701417
10,8,C3,True,1,-0.028502156990270693,18.761513448796496,18.761513448796496,0.5174083194954023
10,10,C4,True,1,-0.01055598124784651,11.953238975154262,11.953238975154262,0.32508662808615496
10,12,phenyl_atom_12,True,1,-0.05289811346612169,17.19030966233341,17.19030966233341,0.4901471257418973
10,13,phenyl_atom_13,True,1,-0.06159584740200701,26.65449913740605,26.65449913740605,0.7477441521053655
10,14,phenyl_atom_14,True,1,-0.062223563677162474,26.81199296366019,26.81199296366019,0.752320617237236
10,15,phenyl_atom_15,True,1,-0.06159584740200701,26.559413185517105,26.559413185517105,0.7452085267216604
10,16,phenyl_atom_16,True,1,-0.05289811346612169,17.580833734708648,17.580833734708648,0.500561101005237
11,0,methoxy_methyl,False,3,0.07750710508802804,71.01396252209753,23.671320840699178,0.584730959365828
11,3,C6,True,1,-0.017876016144633453,14.13848144830959,14.13848144830959,0.3877517816417025
11,4,C7,True,1,-0.03431547016691696,24.308465784325513,24.308465784325513,0.6688150363488305
11,8,C3,True,1,-0.028502156990270693,19.03597831064658,19.03597831064658,0.5247273824780713
11,10,C4,True,1,-0.01055598124784651,21.511561821720758,21.511561821720758,0.5799752373279282
11,12,phenyl_atom_12,True,1,-0.05289811346612169,17.68662947150327,17.68662947150327,0.5033823206530935
11,13,phenyl_atom_13,True,1,-0.06159584740200701,26.698822486225534,26.698822486225534,0.748926108073885
11,14,phenyl_atom_14,True,1,-0.062223563677162474,26.788751111950827,26.788751111950827,0.7517008345249863
11,15,phenyl_atom_15,True,1,-0.06159584740200701,26.787255069175835,26.787255069175835,0.751284310285893
11,16,phenyl_atom_16,True,1,-0.05289811346612169,17.2961506451398,17.2961506451398,0.4929695519500677
12,0,methoxy_methyl,False,3,0.07750710508802804,71.71916115614091,23.90638705204697,0.5909993916684356
12,3,C6,True,1,-0.017876016144633453,14.104711547496962,14.104711547496962,0.3868512509533657
12,4,C7,True,1,-0.03431547016691696,23.955760182139738,23.955760182139738,0.6594095536238767
12,8,C3,True,1,-0.028502156990270693,18.418914069933276,18.418914069933276,0.5082723360590498
12,10,C4,True,1,-0.01055598124784651,21.358122903042354,21.358122903042354,0.5758835328298374
12,12,phenyl_atom_12,True,1,-0.05289811346612169,17.466953535254945,17.466953535254945,0.49752429568647155
12,13,phenyl_atom_13,True,1,-0.06159584740200701,26.97321554586604,26.97321554586604,0.7562432563309653
12,14,phenyl_atom_14,True,1,-0.062223563677162474,27.057010434425234,27.057010434425234,0.7588544164576372
12,15,phenyl_atom_15,True,1,-0.06159584740200701,27.005627232716215,27.005627232716215,0.7571075679803033
12,16,phenyl_atom_16,True,1,-0.05289811346612169,17.766853844781448,17.766853844781448,0.505521637273845
13,0,methoxy_methyl,False,3,0.07750710508802804,71.0580324395016,23.6860108131672,0.5851226919649751
13,3,C6,True,1,-0.017876016144633453,14.144765673063288,14.144765673063288,0.38791936096846774
13,4,C7,True,1,-0.03431547016691696,24.021621495456138,24.021621495456138,0.6611658553123139
13,8,C3,True,1,-0.028502156990270693,19.058247544331234,19.058247544331234,0.525321228709662
13,10,C4,True,1,-0.01055598124784651,21.220713920795895,21.220713920795895,0.5722192933032652
13,12,phenyl_atom_12,True,1,-0.05289811346612169,17.438604461131515,17.438604461131515,0.4967683203765134
13,13,phenyl_atom_13,True,1,-0.06159584740200701,26.72273055380991,26.72273055380991,0.7495636565428018
13,14,phenyl_atom_14,True,1,-0.062223563677162474,27.14398749200518,27.14398749200518,0.761173804659769
13,15,phenyl_atom_15,True,1,-0.06159584740200701,26.682860761054048,26.682860761054048,0.7485004620693121
13,16,phenyl_atom_16,True,1,-0.05289811346612169,17.720307315091503,17.720307315091503,0.5042803964821131
14,0,methoxy_methyl,False,3,0.07750710508802804,70.83924731605917,23.61308243868639,0.5831779353121536
14,3,C6,True,1,-0.017876016144633453,23.717920632408756,23.717920632408756,0.6432034932176802
14,4,C7,True,1,-0.03431547016691696,24.051275220931892,24.051275220931892,0.6619566213250007
14,8,C3,True,1,-0.028502156990270693,18.668791737767677,18.668791737767677,0.5149357405346339
14,10,C4,True,1,-0.01055598124784651,11.947303237670312,11.947303237670312,0.3249283417532496
14,12,phenyl_atom_12,True,1,-0.05289811346612169,17.688154924787252,17.688154924787252,0.5034229994073331
14,13,phenyl_atom_13,True,1,-0.06159584740200701,26.47166908398598,26.47166908398598,0.7428686840141636
14,14,phenyl_atom_14,True,1,-0.062223563677162474,26.965791607074244,26.965791607074244,0.756421914394944
14,15,phenyl_atom_15,True,1,-0.06159584740200701,26.58729203397538,26.58729203397538,0.7459519626805476
14,16,phenyl_atom_16,True,1,-0.05289811346612169,17.248603617750405,17.248603617750405,0.49170163121968385
15,0,methoxy_methyl,False,3,0.07750710508802804,71.44764223203624,23.81588074401208,0.5885858901208386
15,3,C6,True,1,-0.017876016144633453,14.388747846711075,14.388747846711075,0.3944255522657421
15,4,C7,True,1,-0.03431547016691696,23.893801348987463,23.893801348987463,0.6577573180731493
15,8,C3,True,1,-0.028502156990270693,18.720759687223612,18.720759687223612,0.5163215525201255
15,10,C4,True,1,-0.01055598124784651,21.26845022733017,21.26845022733017,0.5734922614775125
15,12,phenyl_atom_12,True,1,-0.05289811346612169,17.795074980882795,17.795074980882795,0.5062742009032143
15,13,phenyl_atom_13,True,1,-0.06159584740200701,26.971285785769,26.971285785769,0.7561917960617108
15,14,phenyl_atom_14,True,1,-0.062223563677162474,26.945352385251407,26.945352385251407,0.7558768684796685
15,15,phenyl_atom_15,True,1,-0.06159584740200701,27.092860836706915,27.092860836706915,0.7594337974200553
15,16,phenyl_atom_16,True,1,-0.05289811346612169,18.076331101761845,18.076331101761845,0.5137743641266556
16,0,methoxy_methyl,False,3,0.07750710508802804,71.4445929754577,23.814864325152566,0.5885587856179183
16,3,C6,True,1,-0.017876016144633453,14.058768752525012,14.058768752525012,0.3856261097541137
16,4,C7,True,1,-0.03431547016691696,24.055560414246223,24.055560414246223,0.6620708931467163
16,8,C3,True,1,-0.028502156990270693,18.68135997707634,18.68135997707634,0.5152708935828648
16,10,C4,True,1,-0.01055598124784651,21.368071040686907,21.368071040686907,0.5761488165003588
16,12,phenyl_atom_12,True,1,-0.05289811346612169,17.52025573798874,17.52025573798874,0.4989456877593728
16,13,phenyl_atom_13,True,1,-0.06159584740200701,26.66925348758665,26.66925348758665,0.7481376014435149
16,14,phenyl_atom_14,True,1,-0.062223563677162474,27.190377988940444,27.190377988940444,0.7624108845780426
16,15,phenyl_atom_15,True,1,-0.06159584740200701,26.87579199401938,26.87579199401938,0.7536452949483876
16,16,phenyl_atom_16,True,1,-0.05289811346612169,17.779017402722012,17.779017402722012,0.5058459988189267
17,0,methoxy_methyl,False,3,0.07750710508802804,71.89207229463378,23.964024098211258,0.5925363795661501
17,3,C6,True,1,-0.017876016144633453,14.469304117378202,14.469304117378202,0.39657371948353215
17,4,C7,True,1,-0.03431547016691696,24.023369058851898,24.023369058851898,0.6612124570028676
17,8,C3,True,1,-0.028502156990270693,18.913747323926227,18.913747323926227,0.5214678894988618
17,10,C4,True,1,-0.01055598124784651,21.41102089633964,21.41102089633964,0.5772941459844316
17,12,phenyl_atom_12,True,1,-0.05289811346612169,17.738996164247972,17.738996164247972,0.5047787657929523
17,13,phenyl_atom_13,True,1,-0.06159584740200701,26.727350283162806,26.727350283162806,0.7496868493255456
17,14,phenyl_atom_14,True,1,-0.062223563677162474,26.91858635456734,26.91858635456734,0.7551631076614266
17,15,phenyl_atom_15,True,1,-0.06159584740200701,26.730957080678436,26.730957080678436,0.7497830305926292
17,16,phenyl_atom_16,True,1,-0.05289811346612169,17.549507395006984,17.549507395006984,0.4997257319465259
18,0,methoxy_methyl,False,3,0.07750710508802804,71.81859342216123,23.93953114072041,0.5918832340330608
18,3,C6,True,1,-0.017876016144633453,23.984678939302015,23.984678939302015,0.6503170480681671
18,4,C7,True,1,-0.03431547016691696,24.434560169405483,24.434560169405483,0.6721775532842964
18,8,C3,True,1,-0.028502156990270693,18.831497960883137,18.831497960883137,0.5192745731510461
18,10,C4,True,1,-0.01055598124784651,12.096896044682948,12.096896044682948,0.3289174832735866
18,12,phenyl_atom_12,True,1,-0.05289811346612169,17.867404564373572,17.867404564373572,0.5082029897963016
18,13,phenyl_atom_13,True,1,-0.06159584740200701,26.735886249549555,26.735886249549555,0.7499144750958591
18,14,phenyl_atom_14,True,1,-0.062223563677162474,26.914099726464617,26.914099726464617,0.755043464245354
18,15,phenyl_atom_15,True,1,-0.06159584740200701,26.687336287413277,26.687336287413277,0.7486198094388916
18,16,phenyl_atom_16,True,1,-0.05289811346612169,17.59902446473864,17.59902446473864,0.5010461871393701
19,0,methoxy_methyl,False,3,0.07750710508802804,71.60717141442166,23.86905713814055,0.5900039272975979
19,3,C6,True,1,-0.017876016144633453,14.126817099137082,14.126817099137082,0.3874407323304356
19,4,C7,True,1,-0.03431547016691696,24.059429084129423,24.059429084129423,0.6621740576769349
19,8,C3,True,1,-0.028502156990270693,19.067249517821264,19.067249517821264,0.5255612813360628
19,10,C4,True,1,-0.01055598124784651,21.2377124375947,21.2377124375947,0.5726725870845666
19,12,phenyl_atom_12,True,1,-0.05289811346612169,17.30569652032762,17.30569652032762,0.4932241086217429
19,13,phenyl_atom_13,True,1,-0.06159584740200701,26.5639905703652,26.5639905703652,0.7453305903176095
19,14,phenyl_atom_14,True,1,-0.062223563677162474,26.975553040925842,26.975553040925842,0.7566822192976533
19,15,phenyl_atom_15,True,1,-0.06159584740200701,26.549849971753964,26.549849971753964,0.7449535076879766
19,16,phenyl_atom_16,True,1,-0.05289811346612169,17.009577286998024,17.009577286998024,0.4853275957329537
20,0,methoxy_methyl,False,3,0.07750710508802804,71.93167109153168,23.977223697177227,0.5928883688719092
20,3,C6,True,1,-0.017876016144633453,23.264213144931954,23.264213144931954,0.6311046268849655
20,4,C7,True,1,-0.03431547016691696,24.30247376469825,24.30247376469825,0.6686552491587703
20,8,C3,True,1,-0.028502156990270693,18.98223704192624,18.98223704192624,0.5232942819788621
20,10,C4,True,1,-0.01055598124784651,11.852970050082448,11.852970050082448,0.32241279008423984
20,12,phenyl_atom_12,True,1,-0.05289811346612169,17.80037077250797,17.80037077250797,0.5064154220132189
20,13,phenyl_atom_13,True,1,-0.06159584740200701,26.945574444015495,26.945574444015495,0.7555061602816174
20,14,phenyl_atom_14,True,1,-0.062223563677162474,27.02559274667573,27.02559274667573,0.7580166114509836
20,15,phenyl_atom_15,True,1,-0.06159584740200701,27.083207613641846,27.083207613641846,0.7591763781383201
20,16,phenyl_atom_16,True,1,-0.05289811346612169,18.010175927391895,18.010175927391895,0.5120102261434569
21,0,methoxy_methyl,False,3,0.07750710508802804,71.37834955389066,23.79278318463022,0.587969955203989
21,3,C6,True,1,-0.017876016144633453,14.421442610014498,14.421442610014498,0.3952974126205
21,4,C7,True,1,-0.03431547016691696,24.22013870268175,24.22013870268175,0.666459647504997
21,8,C3,True,1,-0.028502156990270693,18.57157845343035,18.57157845343035,0.5123433862856385
21,10,C4,True,1,-0.01055598124784651,21.5131460591135,21.5131460591135,0.5800174836584013
21,12,phenyl_atom_12,True,1,-0.05289811346612169,18.024386814336577,18.024386814336577,0.5123891831286483
21,13,phenyl_atom_13,True,1,-0.06159584740200701,26.60914787431104,26.60914787431104,0.7465347850894987
21,14,phenyl_atom_14,True,1,-0.062223563677162474,27.139628789591285,27.139628789591285,0.7610575725953984
21,15,phenyl_atom_15,True,1,-0.06159584740200701,26.943204444255397,26.943204444255397,0.7554429602880147
21,16,phenyl_atom_16,True,1,-0.05289811346612169,17.146712978847642,17.146712978847642,0.48898454751561016
22,0,methoxy_methyl,False,3,0.07750710508802804,71.70893875421106,23.90297958473702,0.5909085258735037
22,3,C6,True,1,-0.017876016144633453,23.50676623643322,23.50676623643322,0.6375727093249992
22,4,C7,True,1,-0.03431547016691696,24.129557129037398,24.129557129037398,0.6640441388744808
22,8,C3,True,1,-0.028502156990270693,18.746028360768104,18.746028360768104,0.5169953838146453
22,10,C4,True,1,-0.01055598124784651,11.970213687949702,11.970213687949702,0.32553928709403335
22,12,phenyl_atom_12,True,1,-0.05289811346612169,17.84407614752541,17.84407614752541,0.5075808986803506
22,13,phenyl_atom_13,True,1,-0.06159584740200701,26.760908142656483,26.760908142656483,0.7505817255787104
22,14,phenyl_atom_14,True,1,-0.062223563677162474,27.11793176625625,27.11793176625625,0.7604789853064642
22,15,phenyl_atom_15,True,1,-0.06159584740200701,26.882297912210802,26.882297912210802,0.753818786100159
22,16,phenyl_atom_16,True,1,-0.05289811346612169,17.50054658393738,17.50054658393738,0.49842011031800315
23,0,methoxy_methyl,False,3,0.07750710508802804,71.37229259373177,23.79076419791059,0.5879161155581323
23,3,C6,True,1,-0.017876016144633453,14.160477296611436,14.160477296611436,0.3883383375964184
23,4,C7,True,1,-0.03431547016691696,24.454290663074996,24.454290663074996,0.6727036997821502
23,8,C3,True,1,-0.028502156990270693,18.60725879510971,18.60725879510971,0.5132948620637547
23,10,C4,True,1,-0.01055598124784651,21.891493961750534,21.891493961750534,0.5901067610620556
23,12,phenyl_atom_12,True,1,-0.05289811346612169,17.756195096897493,17.756195096897493,0.5052374039969395
23,13,phenyl_atom_13,True,1,-0.06159584740200701,26.723222269991332,26.723222269991332,0.7495767689743065
23,14,phenyl_atom_14,True,1,-0.062223563677162474,27.093741942647746,27.093741942647746,0.7598339233435708
23,15,phenyl_atom_15,True,1,-0.06159584740200701,26.657837291415458,26.657837291415458,0.7478331695456164
23,16,phenyl_atom_16,True,1,-0.05289811346612169,17.455678506363697,17.455678506363697,0.4972236282493716
24,0,methoxy_methyl,False,3,0.07750710508802804,71.621131000009,23.873710333336334,0.5901280125028188
24,3,C6,True,1,-0.017876016144633453,23.363186696898737,23.363186696898737,0.6337439216040797
24,4,C7,True,1,-0.03431547016691696,24.343898908916124,24.343898908916124,0.6697599196712468
24,8,C3,True,1,-0.028502156990270693,16.13064911589225,16.13064911589225,0.4472519372846224
24,10,C4,True,1,-0.01055598124784651,11.860546631843665,11.860546631843665,0.32261483226453896
24,12,phenyl_atom_12,True,1,-0.05289811346612169,15.088087943657229,15.088087943657229,0.43408787991053244
24,13,phenyl_atom_13,True,1,-0.06159584740200701,26.645567110886837,26.645567110886837,0.7475059647315199
24,14,phenyl_atom_14,True,1,-0.062223563677162474,26.705435353579837,26.705435353579837,0.7494790809684265
24,15,phenyl_atom_15,True,1,-0.06159584740200701,26.594689975400364,26.594689975400364,0.7461492411185473
24,16,phenyl_atom_16,True,1,-0.05289811346612169,14.783752215944737,14.783752215944737,0.42597226050486603
25,0,methoxy_methyl,False,3,0.07750710508802804,70.98395080735176,23.66131693578392,0.5844641885680877
25,3,C6,True,1,-0.017876016144633453,14.075115831494553,14.075115831494553,0.3860620318599681
25,4,C7,True,1,-0.03431547016691696,24.258279715292428,24.258279715292428,0.667476741174615
25,8,C3,True,1,-0.028502156990270693,19.10582030971036,19.10582030971036,0.5265898357864387
25,10,C4,True,1,-0.01055598124784651,21.455303557474288,21.455303557474288,0.5784750169480223
25,12,phenyl_atom_12,True,1,-0.05289811346612169,17.682438419080167,17.682438419080167,0.5032705592551442
25,13,phenyl_atom_13,True,1,-0.06159584740200701,26.953752989244844,26.953752989244844,0.7557242548210668
25,14,phenyl_atom_14,True,1,-0.062223563677162474,27.06477422703553,27.06477422703553,0.7590614509272451
25,15,phenyl_atom_15,True,1,-0.06159584740200701,26.960574421424365,26.960574421424365,0.7559061596791873
25,16,phenyl_atom_16,True,1,-0.05289811346612169,18.019031951679406,18.019031951679406,0.5122463867911239
26,0,methoxy_methyl,False,3,0.07750710508802804,71.02312717593037,23.674375725310124,0.5848124229554532
26,3,C6,True,1,-0.017876016144633453,14.153787963154901,14.153787963154901,0.3881599553709108
26,4,C7,True,1,-0.03431547016691696,24.20293491756851,24.20293491756851,0.6660008799019772
26,8,C3,True,1,-0.028502156990270693,19.35820146204353,19.35820146204353,0.5333199998486565
26,10,C4,True,1,-0.01055598124784651,21.446891412516365,21.446891412516365,0.5782506930824777
26,12,phenyl_atom_12,True,1,-0.05289811346612169,17.143959468098533,17.143959468098533,0.48891112056230057
26,13,phenyl_atom_13,True,1,-0.06159584740200701,26.741551099161406,26.741551099161406,0.7500655377521751
26,14,phenyl_atom_14,True,1,-0.062223563677162474,26.736485001336913,26.736485001336913,0.7503070715752819
26,15,phenyl_atom_15,True,1,-0.06159584740200701,26.603263597046748,26.603263597046748,0.7463778710291175
26,16,phenyl_atom_16,True,1,-0.05289811346612169,17.6810977645271,17.6810977645271,0.5032348084670624
27,0,methoxy_methyl,False,3,0.07750710508802804,71.25549760828291,23.7518325360943,0.5868779379096979
27,3,C6,True,1,-0.017876016144633453,14.37844552800338,14.37844552800338,0.3941508237668702
27,4,C7,True,1,-0.03431547016691696,24.122888342013855,24.122888342013855,0.663866304553853
27,8,C3,True,1,-0.028502156990270693,18.929807179408286,18.929807179408286,0.5218961523117167
27,10,C4,True,1,-0.01055598124784651,21.318893316804537,21.318893316804537,0.5748374105301624
27,12,phenyl_atom_12,True,1,-0.05289811346612169,17.286172844264293,17.286172844264293,0.4927034772600542
27,13,phenyl_atom_13,True,1,-0.06159584740200701,26.755418790858094,26.755418790858094,0.7504353428640866
27,14,phenyl_atom_14,True,1,-0.062223563677162474,27.186398660700252,27.186398660700252,0.7623047691583043
27,15,phenyl_atom_15,True,1,-0.06159584740200701,26.515932276010428,26.515932276010428,0.7440490358014823
27,16,phenyl_atom_16,True,1,-0.05289811346612169,17.584589516603348,17.584589516603348,0.5006612551890957
28,0,methoxy_methyl,False,3,0.07750710508802804,71.28558350230813,23.76186116743604,0.5871453680788109
28,3,C6,True,1,-0.017876016144633453,14.181359885703804,14.181359885703804,0.38889520663888155
28,4,C7,True,1,-0.03431547016691696,23.970899485582716,23.970899485582716,0.659813268382356
28,8,C3,True,1,-0.028502156990270693,19.01294010196665,19.01294010196665,0.5241130302466064
28,10,C4,True,1,-0.01055598124784651,21.178555919138482,21.178555919138482,0.5710950799257342
28,12,phenyl_atom_12,True,1,-0.05289811346612169,17.496784598049928,17.496784598049928,0.4983197906943378
28,13,phenyl_atom_13,True,1,-0.06159584740200701,26.705891326988045,26.705891326988045,0.7491146104942187
28,14,phenyl_atom_14,True,1,-0.062223563677162474,27.197411117849384,27.197411117849384,0.7625984346822812
28,15,phenyl_atom_15,True,1,-0.06159584740200701,26.612494118288858,26.612494118288858,0.7466240182622403
28,16,phenyl_atom_16,True,1,-0.05289811346612169,17.769270152794956,17.769270152794956,0.5055860721542051
29,0,methoxy_methyl,False,3,0.07750710508802804,71.86477395941219,23.954924653137397,0.5922937276975138
29,3,C6,True,1,-0.017876016144633453,14.628466884479186,14.628466884479186,0.4008180599395584
29,4,C7,True,1,-0.03431547016691696,24.341429137021507,24.341429137021507,0.6696940590873904
29,8,C3,True,1,-0.028502156990270693,19.106294830298538,19.106294830298538,0.5266024896687901
29,10,C4,True,1,-0.01055598124784651,21.723781833017263,21.723781833017263,0.5856344376291683
29,12,phenyl_atom_12,True,1,-0.05289811346612169,17.573633018955636,17.573633018955636,0.5003690819184899
29,13,phenyl_atom_13,True,1,-0.06159584740200701,26.77486216923746,26.77486216923746,0.7509538329542031
29,14,phenyl_atom_14,True,1,-0.062223563677162474,26.855051241556453,26.855051241556453,0.7534688379811363
29,15,phenyl_atom_15,True,1,-0.06159584740200701,26.750083785195635,26.750083785195635,0.7502930760464211
29,16,phenyl_atom_16,True,1,-0.05289811346612169,17.477505876969115,17.477505876969115,0.49780569146551606
30,0,methoxy_methyl,False,3,0.07750710508802804,71.30584438183942,23.768614793946472,0.5873254647857558
30,3,C6,True,1,-0.017876016144633453,23.646471468993834,23.646471468993834,0.6412981821932823
30,4,C7,True,1,-0.03431547016691696,24.194772180038704,24.194772180038704,0.6657832069011824
30,8,C3,True,1,-0.028502156990270693,18.62461560396384,18.62461560396384,0.5137577102998648
30,10,C4,True,1,-0.01055598124784651,11.7492951558331,11.7492951558331,0.3196481262375906
30,12,phenyl_atom_12,True,1,-0.05289811346612169,17.55058014756937,17.55058014756937,0.4997543386815229
30,13,phenyl_atom_13,True,1,-0.06159584740200701,27.092622426520506,27.092622426520506,0.7594274398150843
30,14,phenyl_atom_14,True,1,-0.062223563677162474,27.122944677478767,27.122944677478767,0.7606126629390647
30,15,phenyl_atom_15,True,1,-0.06159584740200701,26.661312243733278,26.661312243733278,0.7479258349407583
30,16,phenyl_atom_16,True,1,-0.05289811346612169,17.988061874304904,17.988061874304904,0.5114205180611372
31,0,methoxy_methyl,False,3,0.07750710508802804,71.59645900492531,23.865486334975103,0.5899087058798526
31,3,C6,True,1,-0.017876016144633453,23.992553218087874,23.992553218087874,0.6505270288357899
31,4,C7,True,1,-0.03431547016691696,24.19849407887316,24.19849407887316,0.6658824575367678
31,8,C3,True,1,-0.028502156990270693,18.780496008023075,18.780496008023075,0.5179145210747778
31,10,C4,True,1,-0.01055598124784651,12.023054540377787,12.023054540377787,0.3269483764921156
31,12,phenyl_atom_12,True,1,-0.05289811346612169,17.603295939244333,17.603295939244333,0.5011600931261886
31,13,phenyl_atom_13,True,1,-0.06159584740200701,26.718439598040483,26.718439598040483,0.7494492310556171
31,14,phenyl_atom_14,True,1,-0.062223563677162474,26.743879198162247,26.743879198162247,0.7505042501572908
31,15,phenyl_atom_15,True,1,-0.06159584740200701,26.672284521003593,26.672284521003593,0.7482184290013
31,16,phenyl_atom_16,True,1,-0.05289811346612169,17.76042806076318,17.76042806076318,0.5053502830333578
