case,iteration,climbing,climbing_index,barrier_eV,max_NEB_force_eV_A,climbing_true_force_eV_A,optimizer_step_parameter
images7_tol0.0001_seed1,0,False,2,2.65334162163916,6.110151471153691,6.351716127279909,0.025
images7_tol0.0001_seed1,1,False,2,2.6302819427073922,6.079141728884063,6.321712879761145,0.025
images7_tol0.0001_seed1,2,False,2,2.584658453067233,6.017050670352391,6.261784056624405,0.025
images7_tol0.0001_seed1,3,False,2,2.5174621154599333,5.923717636675734,6.172092003835434,0.025
images7_tol0.0001_seed1,4,False,2,2.4301714314047764,5.798844401015272,6.052892433877864,0.025
images7_tol0.0001_seed1,5,False,2,2.3247385449446853,5.641901326791569,5.904546951113096,0.025
images7_tol0.0001_seed1,6,False,3,2.248744583506542,5.4050859333048535,4.498492401830757,0.027500000000000004
images7_tol0.0001_seed1,7,False,3,2.158597859981895,5.094427788781443,4.322682518869673,0.030250000000000006
images7_tol0.0001_seed1,8,False,3,2.045429656397734,4.699100255770262,4.097021813360374,0.033275000000000006
images7_tol0.0001_seed1,9,False,3,1.9072227767547287,4.206320119264782,3.810828907300411,0.03660250000000001
images7_tol0.0001_seed1,10,False,3,1.7445060201765665,3.606736707589247,3.45248744899905,0.040262750000000014
images7_tol0.0001_seed1,11,False,3,1.5621725274666374,3.010088674696279,3.0100850973897666,0.04428902500000002
images7_tol0.0001_seed1,12,False,3,1.376440210040766,2.6575382597455808,2.4878679479501735,0.04871792750000002
images7_tol0.0001_seed1,13,False,3,1.2186076208667636,2.205690089401961,1.9404208417208841,0.05358972025000003
images7_tol0.0001_seed1,14,False,3,1.0949860813167116,1.5329364131047758,1.3643387203067652,0.058948692275000034
images7_tol0.0001_seed1,15,False,3,1.0136186832616532,0.7606530676266015,0.766395142529888,0.06484356150250004
images7_tol0.0001_seed1,16,False,3,0.9861826096167635,0.6809641914725048,0.33298386072709796,0.07132791765275004
images7_tol0.0001_seed1,17,False,3,0.9861826096167635,0.6809641914725048,0.33298386072709796,0.03566395882637502
images7_tol0.0001_seed1,18,False,3,0.9863474054035803,0.6716781834674299,0.3311213861029043,0.03566395882637502
images7_tol0.0001_seed1,19,False,3,0.9866717006580916,0.6532118589676739,0.3274220038749604,0.03566395882637502
images7_tol0.0001_seed1,20,False,3,0.9871451076867668,0.6257743749114529,0.32193638890500553,0.03566395882637502
images7_tol0.0001_seed1,21,False,3,0.9877525723144694,0.5896793844140527,0.3147395012518143,0.03566395882637502
images7_tol0.0001_seed1,22,False,3,0.9884749993681767,0.5453492932431753,0.305929355063535,0.03566395882637502
images7_tol0.0001_seed1,23,False,3,0.989369983252321,0.4881294566283578,0.2945945312716928,0.039230354709012524
images7_tol0.0001_seed1,24,False,3,0.9904399192017569,0.41598678395531363,0.2803416299045429,0.04315339017991378
images7_tol0.0001_seed1,25,False,3,0.9916702352794796,0.32730715641462094,0.26281450644478155,0.04746872919790516
images7_tol0.0001_seed1,26,False,3,0.993021996946751,0.225085405540879,0.24176627977849252,0.05221560211769568
images7_tol0.0001_seed1,27,False,3,0.994423243542478,0.17773700445799745,0.21721854767844492,0.057437162329465254
images7_tol0.0001_seed1,28,False,3,0.9957564996786541,0.19129426897199348,0.18997112654265233,0.06318087856241178
images7_tol0.0001_seed1,29,False,3,0.9968846096657205,0.19415774856384388,0.16225426493738926,0.06949896641865297
images7_tol0.0001_seed1,30,False,3,0.9968846096657205,0.19415774856384388,0.16225426493738926,0.034749483209326484
images7_tol0.0001_seed1,31,False,3,0.9968740662351869,0.19131797983622317,0.1624310099795034,0.034749483209326484
images7_tol0.0001_seed1,32,False,3,0.9968534200611763,0.18568715197968613,0.16277608657474274,0.034749483209326484
images7_tol0.0001_seed1,33,False,3,0.9968236024333963,0.17736125108087225,0.16327139005122504,0.034749483209326484
images7_tol0.0001_seed1,34,False,3,0.9967860899953861,0.16648165464014317,0.16388779989342367,0.034749483209326484
images7_tol0.0001_seed1,35,False,3,0.9967429731277034,0.1533544317719245,0.16458359964564792,0.034749483209326484
images7_tol0.0001_seed1,36,False,3,0.9966924624242681,0.13970966433484577,0.16537515468631697,0.03822443153025914
images7_tol0.0001_seed1,37,False,3,0.9966381631669976,0.1229453136785761,0.16617741684800794,0.04204687468328506
images7_tol0.0001_seed1,38,False,3,0.9965883590605172,0.10305969190315158,0.1668066746097647,0.046251562151613565
images7_tol0.0001_seed1,39,False,3,0.9965598338948466,0.08059522709429631,0.16689691270015153,0.050876718366774924
images7_tol0.0001_seed1,40,False,3,0.9965826115790374,0.06507536581160345,0.16578936679837772,0.055964390203452424
images7_tol0.0001_seed1,41,False,3,0.9966915267894612,0.09177232951999581,0.16269940112089495,0.06156082922379767
images7_tol0.0001_seed1,42,False,3,0.9969034150923352,0.11905254666806121,0.15715759050490516,0.06771691214617745
images7_tol0.0001_seed1,43,False,3,0.9972209127758833,0.13678586099240014,0.1488343814772896,0.0744886033607952
images7_tol0.0001_seed1,44,False,3,0.9976370908688915,0.13991451519877585,0.13737660714330652,0.08193746369687473
images7_tol0.0001_seed1,45,False,3,0.9981314628071195,0.12417673889124738,0.12245637367381862,0.0901312100665622
images7_tol0.0001_seed1,46,False,3,0.9986637192468387,0.1018357866850591,0.10395046844350254,0.09914433107321843
images7_tol0.0001_seed1,47,False,3,0.9991715189917011,0.09358295863791342,0.08225458141441996,0.10905876418054028
images7_tol0.0001_seed1,48,False,3,0.9995800834845221,0.086490433061609,0.058824864424636955,0.11996464059859431
images7_tol0.0001_seed1,49,False,3,0.9998397562337069,0.10452930368439198,0.03634076539881603,0.13196110465845376
images7_tol0.0001_seed1,50,True,3,0.9998397562337069,0.10452930368439198,0.03634076539881603,0.06598055232922688
images7_tol0.0001_seed1,51,True,3,0.9998405449758891,0.1036013710609076,0.036248148517829516,0.025
images7_tol0.0001_seed1,52,True,3,0.9998421152072812,0.10175438188720312,0.03606312864834215,0.025
images7_tol0.0001_seed1,53,True,3,0.9998444532039515,0.0990063726114015,0.03578604987064245,0.025
images7_tol0.0001_seed1,54,True,3,0.9998475395299509,0.0953847406758104,0.035417306198006565,0.025
images7_tol0.0001_seed1,55,True,3,0.9998513497660078,0.09092639082644853,0.03495726156406504,0.025
images7_tol0.0001_seed1,56,True,3,0.9998563019919201,0.08515313302464807,0.03435106860440087,0.027500000000000004
images7_tol0.0001_seed1,57,True,3,0.9998626182485296,0.08117545252253211,0.03356364143578513,0.030250000000000006
images7_tol0.0001_seed1,58,True,3,0.9998705375605237,0.07636967680544039,0.032552178124348845,0.033275000000000006
images7_tol0.0001_seed1,59,True,3,0.9998803030485223,0.07041646994447337,0.031264363030999304,0.03660250000000001
images7_tol0.0001_seed1,60,True,3,0.9998921380760796,0.06316224154197525,0.02963597107007701,0.040262750000000014
images7_tol0.0001_seed1,61,True,3,0.9999062029147567,0.05448571112726695,0.027587749960756105,0.04428902500000002
images7_tol0.0001_seed1,62,True,3,0.9999225093796528,0.04435069993399871,0.025022777349999702,0.04871792750000002
images7_tol0.0001_seed1,63,True,3,0.9999407227128424,0.03292281076269416,0.021834062954866992,0.05358972025000003
images7_tol0.0001_seed1,64,True,3,0.9999597254979887,0.03124747882558506,0.017958762762796916,0.058948692275000034
images7_tol0.0001_seed1,65,True,3,0.999977349025199,0.03751405427740048,0.013469415056726863,0.06484356150250004
images7_tol0.0001_seed1,66,True,3,0.9999911177842348,0.04676705770448269,0.00855950105485945,0.07132791765275004
images7_tol0.0001_seed1,67,True,3,0.999998999126674,0.050182997381701726,0.003697030556703831,0.07846070941802505
images7_tol0.0001_seed1,68,True,3,0.9999997124056509,0.047099134978161906,0.0034189278944314057,0.08630678035982756
images7_tol0.0001_seed1,69,True,3,0.9999930625640334,0.03772357692611808,0.008205933891734712,0.09493745839581032
images7_tol0.0001_seed1,70,True,3,0.9999804814365845,0.024237839673552284,0.012949946519173203,0.10443120423539136
images7_tol0.0001_seed1,71,True,3,0.999965668276617,0.019740726243598482,0.01681413473393367,0.11487432465893051
images7_tol0.0001_seed1,72,True,3,0.999965668276617,0.019740726243598482,0.01681413473393367,0.057437162329465254
images7_tol0.0001_seed1,73,True,3,0.999966560707002,0.01867972251255983,0.016588043246350374,0.057437162329465254
images7_tol0.0001_seed1,74,True,3,0.9999683011541544,0.01669891375295299,0.016138678548708315,0.057437162329465254
images7_tol0.0001_seed1,75,True,3,0.9999708056869518,0.015470878035148029,0.015470878035148026,0.057437162329465254
images7_tol0.0001_seed1,76,True,3,0.9999739552252994,0.014591082563414058,0.014591082563414058,0.057437162329465254
images7_tol0.0001_seed1,77,True,3,0.9999775968643487,0.013508007179566702,0.013508007179566704,0.057437162329465254
images7_tol0.0001_seed1,78,True,3,0.9999819136576578,0.012108572118493205,0.012108572118493208,0.06318087856241178
images7_tol0.0001_seed1,79,True,3,0.9999866971841492,0.012385718055500356,0.010355083644589475,0.06949896641865297
images7_tol0.0001_seed1,80,True,3,0.9999915255992589,0.0145271944132456,0.008241055257954367,0.07644886306051828
images7_tol0.0001_seed1,81,True,3,0.9999957957312996,0.015079128222979524,0.005803999027483054,0.08409374936657012
images7_tol0.0001_seed1,82,True,3,0.9999988367725102,0.01289274852774133,0.0031482641327971695,0.09250312430322713
images7_tol0.0001_seed1,83,True,3,1.0000000586059816,0.009744964298897485,0.0010210487248352395,0.10175343673354985
images7_tol0.0001_seed1,84,True,3,0.9999991718144183,0.010004118604290558,0.002973341919601227,0.11192878040690485
images7_tol0.0001_seed1,85,True,3,0.9999965045932956,0.012706973090650253,0.0054893195066041045,0.12312165844759534
images7_tol0.0001_seed1,86,True,3,0.9999965045932956,0.012706973090650253,0.0054893195066041045,0.06156082922379767
images7_tol0.0001_seed1,87,True,3,0.9999966069344214,0.012404173793977626,0.0054021197982541186,0.06156082922379767
images7_tol0.0001_seed1,88,True,3,0.9999968059550979,0.011808973800606453,0.005229212703629424,0.06156082922379767
images7_tol0.0001_seed1,89,True,3,0.999997090923531,0.010941516107806644,0.004973301957183179,0.06156082922379767
images7_tol0.0001_seed1,90,True,3,0.9999974467287831,0.009830549419973475,0.004638040837040394,0.06156082922379767
images7_tol0.0001_seed1,91,True,3,0.9999978545141753,0.008512046659635227,0.004227858470046515,0.06156082922379767
images7_tol0.0001_seed1,92,True,3,0.999998333132269,0.006880710752783675,0.0037002937631605243,0.06771691214617745
images7_tol0.0001_seed1,93,True,3,0.9999988570570226,0.004938940805954746,0.003039500459774075,0.0744886033607952
images7_tol0.0001_seed1,94,True,3,0.9999993719289205,0.004183680637361186,0.002241579109436768,0.08193746369687473
images7_tol0.0001_seed1,95,True,3,0.9999997881927748,0.004564380705475468,0.0013419532247112096,0.0901312100665622
images7_tol0.0001_seed1,96,True,3,1.0000000036397223,0.003554533026807131,0.0005656381808131325,0.09914433107321843
images7_tol0.0001_seed1,97,True,3,1.0000000036397223,0.003554533026807131,0.0005656381808131325,0.04957216553660922
images7_tol0.0001_seed1,98,True,3,1.0000000032867418,0.0034806677610819486,0.0005560392338521322,0.04957216553660922
images7_tol0.0001_seed1,99,True,3,1.0000000026167497,0.003335502523163146,0.0005370421485449361,0.04957216553660922
images7_tol0.0001_seed1,100,True,3,1.0000000016987383,0.003124174028887302,0.0005090373040218574,0.04957216553660922
images7_tol0.0001_seed1,101,True,3,1.0000000006292864,0.002854406272320564,0.0004726018419723248,0.04957216553660922
images7_tol0.0001_seed1,102,True,3,0.9999999995252037,0.002536608984128198,0.00042851728479114575,0.04957216553660922
images7_tol0.0001_seed1,103,True,3,0.9999999984274079,0.0021495428756273284,0.0003728110328038905,0.05452938209027014
images7_tol0.0001_seed1,104,True,3,0.9999999975443074,0.0018299629917997453,0.00030508437886651716,0.059982320299297155
images7_tol0.0001_seed1,105,True,3,0.9999999971627285,0.001625358733673025,0.0002276776326447628,0.06598055232922688
images7_tol0.0001_seed1,106,True,3,0.9999999975680348,0.002270876090696844,0.00015119822175932036,0.07257860756214958
images7_tol0.0001_seed1,107,True,3,0.9999999988678668,0.002686336837341647,0.00011166087534287114,0.07983646831836455
images7_tol0.0001_seed1,108,True,3,1.0000000008284309,0.0026873186378671317,0.0001479948658704805,0.08782011515020101
images7_tol0.0001_seed1,109,True,3,1.000000002809117,0.002154130977884117,0.00021209175391026123,0.09660212666522111
images7_tol0.0001_seed1,110,True,3,1.000000003822803,0.0010593915162349931,0.0002602518790568121,0.10626233933174323
images7_tol0.0001_seed1,111,True,3,1.000000003822803,0.0010593915162349931,0.0002602518790568121,0.053131169665871614
images7_tol0.0001_seed1,112,True,3,1.000000003646017,0.0010078717705404936,0.00025447003097055595,0.053131169665871614
images7_tol0.0001_seed1,113,True,3,1.0000000033084202,0.0009073167573751293,0.0002430325599219634,0.053131169665871614
images7_tol0.0001_seed1,114,True,3,1.0000000028402505,0.0008242357194948347,0.00022617708136181565,0.053131169665871614
images7_tol0.0001_seed1,115,True,3,1.0000000022832705,0.0007269850263275938,0.0002042378260346097,0.053131169665871614
images7_tol0.0001_seed1,116,True,3,1.0000000016874389,0.0006138509977869254,0.000177636779924589,0.053131169665871614
images7_tol0.0001_seed1,117,True,3,1.000000001055991,0.0004789811652118496,0.00014383762307151415,0.05844428663245878
images7_tol0.0001_seed1,118,True,3,1.0000000004733203,0.0003607095155096743,0.00010237558059684909,0.06428871529570467
images7_tol0.0001_seed1,119,True,3,1.000000000065584,0.0004822816468252601,5.4835041366747456e-05,0.07071758682527514
images7_tol0.0001_seed1,120,True,3,0.9999999999565375,0.000688064632154883,1.9384518623180276e-05,0.07778934550780266
images7_tol0.0001_seed1,121,True,3,1.00000000018306,0.0008020685817897656,5.763899355573555e-05,0.08556828005858293
images7_tol0.0001_seed1,122,True,3,1.0000000006625196,0.000788145754697784,0.00010313584206363634,0.09412510806444123
images7_tol0.0001_seed1,123,True,3,1.000000001194075,0.0006218015793775545,0.00013845259272787062,0.10353761887088536
images7_tol0.0001_seed1,124,True,3,1.0000000014912258,0.0003681807443462301,0.00015595303930902803,0.1138913807579739
images7_tol0.0001_seed1,125,True,3,1.0000000012964425,0.0003338865424401286,0.00014779419436110417,0.1252805188337713
images7_tol0.0001_seed1,126,True,3,1.0000000012964425,0.0003338865424401286,0.00014779419436110417,0.06264025941688565
images7_tol0.0001_seed1,127,True,3,1.000000001214922,0.0003231765653968503,0.00014319410340144235,0.06264025941688565
images7_tol0.0001_seed1,128,True,3,1.000000001062184,0.0003022053784242715,0.00013414306663083242,0.06264025941688565
images7_tol0.0001_seed1,129,True,3,1.0000000008576384,0.00027189348884130825,0.00012094285087832659,0.06264025941688565
images7_tol0.0001_seed1,130,True,3,1.0000000006273986,0.00023365725328754558,0.00010405045063580399,0.06264025941688565
images7_tol0.0001_seed1,131,True,3,1.0000000004008929,0.0001977625402691847,8.408472552466705e-05,0.06264025941688565
images7_tol0.0001_seed1,132,True,3,1.0000000001907805,0.00016082330819854935,5.963180062726103e-05,0.06890428535857422
images7_tol0.0001_seed1,133,True,3,1.000000000039953,0.00014055176771164216,3.129244864222004e-05,0.07579471389443165
images7_tol0.0001_seed1,134,True,3,0.9999999999926861,0.00011914492401515295,8.1012623654351e-06,0.08337418528387483
images7_tol0.0001_seed1,135,True,3,1.000000000066682,8.401988701964327e-05,3.3546460186374515e-05,0.09171160381226232
