step,time_fs,potential_eV,kinetic_eV,total_eV,temperature_COM_dof_K,temperature_3N_K,COM_speed_A_fs
0,0.0,0.2619151270736152,0.44825457997194273,0.7101697070455579,495.4074663192599,433.4815330293525,3.5377465331532515e-19
10,10.0,0.2426601208818363,0.46750185231280117,0.7101619731946375,516.6794016211553,452.0944764185109,9.247897705662188e-19
20,20.0,0.2919306984902764,0.4182510644306374,0.7101817629209138,462.24781490885164,404.4668380452452,8.452425990504109e-19
30,30.0,0.3797192930582501,0.33049773050585113,0.7102170235641012,365.2635145510785,319.6055752321937,7.224920082548584e-19
40,40.0,0.452559469905741,0.25768681020926143,0.7102462801150025,284.79345321502956,249.1942715631509,7.121408493404707e-19
50,50.0,0.46608892232693094,0.24416279194722038,0.7102517142741513,269.8468136914077,236.11596197998176,9.59673422021297e-19
60,60.0,0.412067723624123,0.29816229281762335,0.7102300164417463,329.52664096809826,288.335810847086,6.667580795424812e-19
70,70.0,0.32339674099987226,0.386797660383964,0.7101944013838363,427.48575802846517,374.050038274907,9.607441005787084e-19
80,80.0,0.25407981542946045,0.45608674453156456,0.710166559961025,504.06351351574506,441.05557432627694,1.4297632392684866e-18
90,90.0,0.24633346594327651,0.4638299826652251,0.7101634486085017,512.6212799197014,448.5436199297388,1.130327087717178e-18
100,100.0,0.304875500029296,0.4053114622233815,0.7101869622526775,447.9470674517325,391.953684020266,1.1022980869814696e-18
