objective,seed,R_A,determinant,energy_invariance_error_Hartree,force_covariance_error_Hartree_A,net_force_Hartree_A,torque_Hartree
energy_only,7301,0.74,1.0000000000000007,0.0,1.8735013540549517e-16,0.0,0.0
energy_only,7301,0.74,-1.0000000000000007,0.0,1.8735013540549517e-16,0.0,0.0
energy_only,7301,1.14,0.9999999999999999,0.0,5.551115123125783e-17,0.0,0.0
energy_only,7301,1.14,-0.9999999999999999,0.0,5.551115123125783e-17,0.0,0.0
energy_only,7301,2.3,1.0000000000000004,1.1102230246251565e-16,5.551115123125783e-17,0.0,0.0
energy_only,7301,2.3,-1.0000000000000004,1.1102230246251565e-16,5.551115123125783e-17,0.0,0.0
energy_gradient,7301,0.74,1.0000000000000007,0.0,8.326672684688674e-17,0.0,0.0
energy_gradient,7301,0.74,-1.0000000000000007,0.0,8.326672684688674e-17,0.0,0.0
energy_gradient,7301,1.14,0.9999999999999999,0.0,8.326672684688674e-17,0.0,0.0
energy_gradient,7301,1.14,-0.9999999999999999,0.0,8.326672684688674e-17,0.0,0.0
energy_gradient,7301,2.3,1.0000000000000004,0.0,1.1102230246251565e-16,0.0,0.0
energy_gradient,7301,2.3,-1.0000000000000004,0.0,1.1102230246251565e-16,0.0,0.0
energy_only,7302,0.74,1.0000000000000007,0.0,1.1796119636642288e-16,0.0,0.0
energy_only,7302,0.74,-1.0000000000000007,0.0,1.1796119636642288e-16,0.0,0.0
energy_only,7302,1.14,0.9999999999999999,2.220446049250313e-16,5.551115123125783e-17,0.0,0.0
energy_only,7302,1.14,-0.9999999999999999,2.220446049250313e-16,5.551115123125783e-17,0.0,0.0
energy_only,7302,2.3,1.0000000000000004,0.0,1.1102230246251565e-16,0.0,0.0
energy_only,7302,2.3,-1.0000000000000004,0.0,1.1102230246251565e-16,0.0,0.0
energy_gradient,7302,0.74,1.0000000000000007,0.0,1.457167719820518e-16,0.0,0.0
energy_gradient,7302,0.74,-1.0000000000000007,0.0,1.457167719820518e-16,0.0,0.0
energy_gradient,7302,1.14,0.9999999999999999,2.220446049250313e-16,8.326672684688674e-17,0.0,0.0
energy_gradient,7302,1.14,-0.9999999999999999,2.220446049250313e-16,8.326672684688674e-17,0.0,0.0
energy_gradient,7302,2.3,1.0000000000000004,2.220446049250313e-16,1.1102230246251565e-16,0.0,0.0
energy_gradient,7302,2.3,-1.0000000000000004,2.220446049250313e-16,1.1102230246251565e-16,0.0,0.0
energy_only,7303,0.74,1.0000000000000007,0.0,3.469446951953614e-17,0.0,0.0
energy_only,7303,0.74,-1.0000000000000007,0.0,3.469446951953614e-17,0.0,0.0
energy_only,7303,1.14,0.9999999999999999,0.0,5.551115123125783e-17,0.0,0.0
energy_only,7303,1.14,-0.9999999999999999,0.0,5.551115123125783e-17,0.0,0.0
energy_only,7303,2.3,1.0000000000000004,0.0,1.3877787807814457e-16,0.0,0.0
energy_only,7303,2.3,-1.0000000000000004,0.0,1.3877787807814457e-16,0.0,0.0
energy_gradient,7303,0.74,1.0000000000000007,0.0,2.220446049250313e-16,0.0,0.0
energy_gradient,7303,0.74,-1.0000000000000007,0.0,2.220446049250313e-16,0.0,0.0
energy_gradient,7303,1.14,0.9999999999999999,0.0,5.551115123125783e-17,0.0,0.0
energy_gradient,7303,1.14,-0.9999999999999999,0.0,5.551115123125783e-17,0.0,0.0
energy_gradient,7303,2.3,1.0000000000000004,0.0,5.551115123125783e-17,0.0,0.0
energy_gradient,7303,2.3,-1.0000000000000004,0.0,5.551115123125783e-17,0.0,0.0
