model,split,points,energy_RMSE_Hartree,gradient_RMSE_Hartree_A,energy_MAE_Hartree,gradient_MAE_Hartree_A
RBF_energy_only,train,17,3.2136142241947794e-06,0.0023520569987578086,2.373271543960478e-06,0.000769597658054264
RBF_energy_only,validation,8,3.0216856824327794e-05,0.000663568082990687,1.3378421502313609e-05,0.00029983501966712647
RBF_energy_only,test,8,8.624252890149191e-06,0.00011561685101992681,5.1661931762120306e-06,9.64551931529195e-05
RBF_energy_only,ood_stretch,9,0.1754729700354047,0.4593505486706382,0.13124253421947196,0.4064695461416546
RBF_energy_force,train,17,1.4594785832340881e-05,5.661056009947293e-05,6.590949668137375e-06,4.246714497498491e-05
RBF_energy_force,validation,8,2.1993635682572414e-06,0.0004971511008034819,1.6139093167721885e-06,0.0002266608522904232
RBF_energy_force,test,8,5.561350164199207e-06,0.00016374660099400127,3.7580679750764956e-06,0.0001017041425350057
RBF_energy_force,ood_stretch,9,0.11835154287171311,0.4485868254776088,0.07501071545735499,0.3392305872772573
cubic_spline_energy_only,train,17,0.0,0.04359541591161038,0.0,0.014254810340859137
cubic_spline_energy_only,validation,8,0.0007656466754251126,0.011271819893067064,0.00029179417720651135,0.004318626890269302
cubic_spline_energy_only,test,8,0.00021335064207423225,0.0029746371262280927,8.931129831081519e-05,0.0012329688461219304
cubic_spline_energy_only,ood_stretch,9,0.2227800022274317,0.7662365068090653,0.1584644730939385,0.6128361089162687
linear_interpolation_energy_only,train,17,0.0,0.07938355593204484,0.0,0.04115479150962321
linear_interpolation_energy_only,validation,8,0.001813042071441463,0.003853970504157444,0.0009805826145459773,0.0020335443318962197
linear_interpolation_energy_only,test,8,0.0011034835313646393,0.002239298217740266,0.0006163594101547126,0.0012175039627445108
linear_interpolation_energy_only,ood_stretch,9,0.04445005870352412,0.10874401437114185,0.035462121013806316,0.10059819707062519
training_mean_zero_force,train,17,0.09370460709562088,0.34496174876376756,0.08265861448208674,0.30055142277398306
training_mean_zero_force,validation,8,0.08698252616325955,0.3312344737468319,0.07806040641998183,0.2930002644300831
training_mean_zero_force,test,8,0.09607098087210103,0.26989919834345594,0.08581939420009797,0.26274052269921566
training_mean_zero_force,ood_stretch,9,0.2683901612983497,0.16162148843782398,0.2653617404561359,0.15625697461926913
