method,step,seed_count,mean_simple_regret_kcal_mol,sd_simple_regret_kcal_mol,optimum_found_count
latent_gp_ucb,1,8,22.091250000000002,2.8286111559259197,0
latent_gp_ucb,2,8,19.527500000000003,3.33091900660635,0
latent_gp_ucb,3,8,18.2375,3.409682641285801,0
latent_gp_ucb,4,8,18.067500000000003,3.2015833136568097,0
latent_gp_ucb,5,8,13.5775,6.62801144494227,1
latent_gp_ucb,6,8,8.9875,5.79371272526151,2
latent_gp_ucb,7,8,1.2737500000000002,3.60270905014546,7
latent_gp_ucb,8,8,1.2737500000000002,3.60270905014546,7
latent_gp_ucb,9,8,0.0,0.0,8
latent_gp_ucb,10,8,0.0,0.0,8
latent_gp_ucb,11,8,0.0,0.0,8
latent_gp_ucb,12,8,0.0,0.0,8
latent_gp_ucb,13,8,0.0,0.0,8
latent_gp_ucb,14,8,0.0,0.0,8
latent_gp_ucb,15,8,0.0,0.0,8
latent_gp_ucb,16,8,0.0,0.0,8
descriptor_gp_ucb,1,8,22.091250000000002,2.8286111559259197,0
descriptor_gp_ucb,2,8,19.527500000000003,3.33091900660635,0
descriptor_gp_ucb,3,8,18.2375,3.409682641285801,0
descriptor_gp_ucb,4,8,18.067500000000003,3.2015833136568097,0
descriptor_gp_ucb,5,8,13.22375,6.643194019875852,1
descriptor_gp_ucb,6,8,8.15625,7.1386311963248845,3
descriptor_gp_ucb,7,8,4.2162500000000005,5.900128176573794,5
descriptor_gp_ucb,8,8,1.2737500000000002,3.60270905014546,7
descriptor_gp_ucb,9,8,0.0,0.0,8
descriptor_gp_ucb,10,8,0.0,0.0,8
descriptor_gp_ucb,11,8,0.0,0.0,8
descriptor_gp_ucb,12,8,0.0,0.0,8
descriptor_gp_ucb,13,8,0.0,0.0,8
descriptor_gp_ucb,14,8,0.0,0.0,8
descriptor_gp_ucb,15,8,0.0,0.0,8
descriptor_gp_ucb,16,8,0.0,0.0,8
random,1,8,22.091250000000002,2.8286111559259197,0
random,2,8,19.527500000000003,3.33091900660635,0
random,3,8,18.2375,3.409682641285801,0
random,4,8,18.067500000000003,3.2015833136568097,0
random,5,8,17.895000000000003,3.196730472574395,0
random,6,8,16.271250000000002,2.34335191857427,0
random,7,8,16.245,2.3304260799874585,0
random,8,8,16.025,2.1149332985091642,0
random,9,8,15.629999999999999,2.8524175210311884,0
random,10,8,14.758750000000001,3.3409598171782897,0
random,11,8,13.485,6.119077895052022,1
random,12,8,12.60625,6.009884566279123,1
random,13,8,12.60625,6.009884566279123,1
random,14,8,12.60625,6.009884566279123,1
random,15,8,12.60625,6.009884566279123,1
random,16,8,12.60625,6.009884566279123,1
