budget,method,seed_count,mean_full_pool_HV_fraction,sample_sd_full_pool_HV_fraction,min_full_pool_HV_fraction,max_full_pool_HV_fraction
5,gp_mc_ehvi,64,0.8766859294242482,0.0873725288096236,0.6040368047136112,0.9760387050354121
5,random,64,0.8766859294242482,0.0873725288096236,0.6040368047136112,0.9760387050354121
5,maximin_spacefill,64,0.8766859294242482,0.0873725288096236,0.6040368047136112,0.9760387050354121
10,gp_mc_ehvi,64,0.973962449574099,0.008039635956759971,0.9448511616066665,0.988379709819306
10,random,64,0.9415657305983882,0.05430503581342758,0.7208041541988824,0.9872134731487647
10,maximin_spacefill,64,0.9627431088273991,0.02674121708238839,0.8880203819188861,0.9868780532578701
15,gp_mc_ehvi,64,0.9812922664114346,0.004454025467157501,0.971415013053056,0.9899672584798406
15,random,64,0.9623749096735805,0.036223562059872406,0.7919158440361734,0.9913957833970015
15,maximin_spacefill,64,0.977752063936948,0.017228934041698334,0.8969108588224302,0.9902830564372825
20,gp_mc_ehvi,64,0.9879605702848592,0.0024646531572570466,0.9807034190073863,0.9927110834852173
20,random,64,0.9722641260639695,0.024729904115879033,0.9005733426337202,0.9937717572710775
20,maximin_spacefill,64,0.985467926169606,0.008751795374442109,0.9481734632399327,0.9922843399730733
25,gp_mc_ehvi,64,0.9920243548141017,0.001733723144300763,0.9871640352723074,0.9952861413966572
25,random,64,0.9827811820152843,0.015598261829925712,0.9292802483892956,0.9949517127334468
25,maximin_spacefill,64,0.9892176171140725,0.008467418213598565,0.9526522284353095,0.9948236216738984
