trace_id,hour,point_count,median,minimum,maximum,q025,q975
nature2023_constant_potential,0,285,5.8325,5.7675,6.0175,5.771375,5.995875
nature2023_constant_potential,1,360,5.71375,5.69125,5.77,5.695,5.76375
nature2023_constant_potential,2,360,5.6625,5.63375,5.6975,5.63625,5.69253125
nature2023_constant_potential,3,360,5.63125,5.61625,5.6475,5.6175,5.645
nature2023_constant_potential,4,360,5.63375,5.62,5.65,5.62375,5.6475
nature2023_constant_potential,5,360,5.625,5.6125,5.6475,5.61621875,5.636281250000001
nature2023_constant_potential,6,360,5.61625,5.6025,5.63125,5.60621875,5.62875
nature2023_constant_potential,7,360,5.62,5.605,5.63875,5.6075,5.63625
nature2023_constant_potential,8,360,5.62375,5.6125,5.6425,5.61621875,5.636281250000001
nature2023_constant_potential,9,360,5.64,5.62125,5.65625,5.62371875,5.655
nature2023_constant_potential,10,360,5.63875,5.62625,5.65,5.63,5.64875
nature2023_constant_potential,11,360,5.6475,5.62625,5.66625,5.63,5.66
nature2023_constant_potential,12,360,5.64125,5.62875,5.66125,5.63,5.65875
nature2023_constant_potential,13,360,5.65,5.63625,5.665,5.64125,5.66125
nature2023_constant_potential,14,360,5.648125,5.63125,5.66625,5.6325,5.66125
nature2023_constant_potential,15,360,5.6475,5.63625,5.66875,5.63875,5.66625
nature2023_constant_potential,16,360,5.66,5.64625,5.67875,5.64875,5.675
nature2023_constant_potential,17,360,5.665,5.63875,5.68,5.6425,5.67628125
nature2023_constant_potential,18,360,5.66125,5.645,5.6725,5.65,5.67
nature2023_constant_potential,19,360,5.67625,5.65375,5.6875,5.65625,5.685
nature2023_constant_potential,20,360,5.6675,5.65125,5.68125,5.65621875,5.68125
nature2023_constant_potential,21,360,5.6675,5.65125,5.6925,5.65375,5.68628125
nature2023_constant_potential,22,361,5.6725,5.65625,5.6875,5.6575,5.685
nature2023_constant_potential,23,360,5.66875,5.65625,5.68125,5.66121875,5.67875
nature2023_constant_potential,24,360,5.66875,5.65125,5.685,5.65375,5.68
nature2023_constant_potential,25,360,5.675,5.655,5.68625,5.65875,5.685
nature2023_constant_potential,26,360,5.675,5.66375,5.69,5.665,5.68628125
nature2023_constant_potential,27,355,5.68,5.66875,5.69,5.67125,5.6875
nature2023_constant_potential,28,361,5.66625,5.6525,5.68,5.655,5.67875
nature2023_constant_potential,29,360,5.67375,5.65875,5.69125,5.66371875,5.68628125
nature2023_constant_potential,30,360,5.6775,5.6575,5.6925,5.66125,5.68875
nature2023_constant_potential,31,360,5.68375,5.6725,5.69875,5.675,5.695
nature2023_constant_potential,32,360,5.68875,5.67125,5.7025,5.67871875,5.69875
nature2023_constant_potential,33,360,5.69,5.67875,5.70375,5.6825,5.6975
nature2023_constant_potential,34,360,5.68875,5.67625,5.7025,5.67871875,5.69875
nature2023_constant_potential,35,360,5.695,5.675,5.70875,5.6775,5.7075
nature2023_constant_potential,36,360,5.67625,5.66375,5.70125,5.66625,5.69253125
nature2023_constant_potential,37,360,5.68125,5.6675,5.70125,5.67,5.69625
nature2023_constant_potential,38,360,5.69625,5.67625,5.71125,5.68,5.7075
nature2023_constant_potential,39,361,5.6775,5.665,5.69125,5.6675,5.6875
nature2023_constant_potential,40,360,5.66875,5.65875,5.6825,5.6624687499999995,5.68003125
nature2023_constant_potential,41,360,5.6925,5.68,5.7175,5.6825,5.71
nature2023_constant_potential,42,360,5.689375,5.675,5.705,5.6775,5.7
nature2023_constant_potential,43,360,5.69375,5.67875,5.705,5.68125,5.7025
nature2023_constant_potential,44,360,5.695,5.67875,5.7075,5.68125,5.70625
nature2023_constant_potential,45,360,5.69625,5.68125,5.7075,5.68375,5.70625
nature2023_constant_potential,46,360,5.6875,5.67375,5.705,5.6775,5.7
nature2023_constant_potential,47,360,5.695,5.68,5.71125,5.68125,5.7075
nature2023_constant_potential,48,360,5.69375,5.68125,5.70625,5.685,5.70253125
nature2023_constant_potential,49,360,5.695,5.68375,5.71375,5.68625,5.71
nature2023_constant_potential,50,361,5.6975,5.68,5.71625,5.6825,5.71375
nature2023_constant_potential,51,360,5.698125,5.68125,5.71875,5.68371875,5.715
nature2023_constant_potential,52,360,5.7025,5.69125,5.71875,5.69375,5.71625
nature2023_constant_potential,53,360,5.695,5.68125,5.71,5.68375,5.70625
nature2023_constant_potential,54,360,5.69625,5.6725,5.70875,5.67996875,5.705
nature2023_constant_potential,55,360,5.705,5.68875,5.71875,5.6925,5.71625
nature2023_constant_potential,56,360,5.7025,5.685,5.71625,5.68996875,5.7125
nature2023_constant_potential,57,360,5.695,5.6775,5.71875,5.6825,5.71625
nature2023_constant_potential,58,359,5.69375,5.6825,5.7075,5.685,5.70375
nature2023_constant_potential,59,360,5.7025,5.6875,5.71875,5.69,5.71378125
nature2023_constant_potential,60,360,5.6925,5.68125,5.715,5.68375,5.71003125
nature2023_constant_potential,61,359,5.705,5.6825,5.72125,5.685,5.7150625
nature2023_constant_potential,62,360,5.70125,5.69125,5.72125,5.69375,5.715
nature2023_constant_potential,63,360,5.7025,5.6825,5.72375,5.68996875,5.71875
nature2023_constant_potential,64,359,5.7,5.68125,5.72125,5.68375,5.7175
nature2023_constant_potential,65,360,5.6925,5.67625,5.7075,5.68125,5.70503125
nature2023_constant_potential,66,359,5.7025,5.68875,5.72125,5.69125,5.71375
nature2023_constant_potential,67,360,5.7025,5.69125,5.71875,5.69375,5.71378125
nature2023_constant_potential,68,360,5.6975,5.68,5.7125,5.6825,5.71125
nature2023_constant_potential,69,359,5.69875,5.685,5.715,5.6875,5.71
nature2023_constant_potential,70,360,5.69375,5.6775,5.71625,5.68,5.71
nature2023_constant_potential,71,360,5.69875,5.67875,5.72,5.6825,5.715
nature2023_constant_potential,72,359,5.7,5.69125,5.72,5.6925,5.7138125
nature2023_constant_potential,73,360,5.69375,5.67625,5.71875,5.68121875,5.715
nature2023_constant_potential,74,360,5.6975,5.68125,5.73,5.68375,5.72378125
nature2023_constant_potential,75,359,5.70375,5.68625,5.72125,5.6899375,5.715
nature2023_constant_potential,76,360,5.6975,5.685,5.7175,5.68625,5.7125
nature2023_constant_potential,77,360,5.7,5.685,5.71375,5.6875,5.71125
nature2023_constant_potential,78,359,5.695,5.6825,5.71375,5.685,5.707624999999999
nature2023_constant_potential,79,360,5.69,5.6775,5.7,5.68121875,5.6975
nature2023_constant_potential,80,360,5.69375,5.67875,5.71375,5.6849687499999995,5.70875
nature2023_constant_potential,81,359,5.6875,5.67,5.70375,5.6774375,5.70125
nature2023_constant_potential,82,360,5.69125,5.6725,5.71,5.67496875,5.70625
nature2023_constant_potential,83,360,5.6925,5.675,5.71375,5.67875,5.705
nature2023_constant_potential,84,359,5.685,5.66875,5.6975,5.676187499999999,5.69625
nature2023_constant_potential,85,360,5.68375,5.66875,5.70125,5.6712187499999995,5.6975
nature2023_constant_potential,86,359,5.6925,5.67625,5.71,5.67875,5.70625
nature2023_constant_potential,87,360,5.69375,5.67875,5.705,5.68375,5.70128125
nature2023_constant_potential,88,360,5.68875,5.67875,5.7075,5.68,5.70125
nature2023_constant_potential,89,359,5.685,5.6725,5.7025,5.67625,5.6975
nature2023_constant_potential,90,360,5.67875,5.665,5.69375,5.6675,5.69
nature2023_constant_potential,91,360,5.68625,5.675,5.7025,5.6775,5.69875
nature2023_constant_potential,92,359,5.68,5.66625,5.695,5.6686875,5.6925
nature2023_constant_potential,93,360,5.6775,5.66375,5.6925,5.665,5.69
nature2023_constant_potential,94,360,5.68375,5.66875,5.69875,5.67625,5.695
nature2023_constant_potential,95,359,5.68125,5.6675,5.70125,5.67125,5.69625
nature2023_constant_potential,96,360,5.68,5.66625,5.69625,5.67,5.6925
nature2023_constant_potential,97,360,5.675,5.6575,5.6875,5.66125,5.68625
nature2023_constant_potential,98,359,5.6775,5.65875,5.695,5.66125,5.6913125
nature2023_constant_potential,99,360,5.6825,5.66875,5.705,5.67,5.69503125
nature2023_constant_potential,100,360,5.685,5.665,5.70125,5.66875,5.695
nature2023_constant_potential,101,359,5.68,5.66625,5.6925,5.66875,5.69125
nature2023_constant_potential,102,360,5.68,5.66625,5.6925,5.66875,5.69
nature2023_constant_potential,103,359,5.67,5.6525,5.685,5.65875,5.6825
nature2023_constant_potential,104,360,5.66125,5.64625,5.6725,5.65,5.67
nature2023_constant_potential,105,360,5.6625,5.64875,5.68125,5.6525,5.6775
nature2023_constant_potential,106,359,5.66625,5.64875,5.68125,5.65375,5.67875
nature2023_constant_potential,107,360,5.665,5.65,5.68375,5.6525,5.68125
nature2023_constant_potential,108,360,5.665,5.65125,5.67875,5.655,5.675
nature2023_constant_potential,109,359,5.66125,5.64625,5.675,5.64875,5.67375
nature2023_constant_potential,110,360,5.66375,5.65375,5.685,5.655,5.68
nature2023_constant_potential,111,360,5.6725,5.66125,5.695,5.6625,5.68378125
nature2023_constant_potential,112,359,5.66625,5.65375,5.68125,5.65625,5.67875
nature2023_constant_potential,113,360,5.655,5.64125,5.66625,5.645,5.66253125
nature2023_constant_potential,114,360,5.66125,5.645,5.68375,5.64625,5.67878125
nature2023_constant_potential,115,359,5.6625,5.64875,5.685,5.6511875,5.67875
nature2023_constant_potential,116,360,5.67875,5.6575,5.695,5.6625,5.69125
nature2023_constant_potential,117,360,5.67375,5.6575,5.685,5.66,5.6825
nature2023_constant_potential,118,359,5.6575,5.6425,5.67125,5.64625,5.6688125000000005
nature2023_constant_potential,119,360,5.66125,5.6475,5.6775,5.64875,5.6725312500000005
nature2023_constant_potential,120,10,5.66375,5.66,5.66625,5.66028125,5.66625
nature2023_constant_current,0,156,1.6564999999999999,1.572,1.67,1.5925,1.67
nature2023_constant_current,1,156,1.677,1.67,1.681,1.671,1.681
nature2023_constant_current,2,156,1.683,1.68,1.685,1.681,1.685
nature2023_constant_current,3,156,1.687,1.685,1.688,1.685,1.688
nature2023_constant_current,4,157,1.688,1.687,1.689,1.687,1.689
nature2023_constant_current,5,156,1.689,1.688,1.69,1.689,1.69
nature2023_constant_current,6,156,1.689,1.689,1.69,1.689,1.69
nature2023_constant_current,7,156,1.689,1.689,1.69,1.689,1.69
nature2023_constant_current,8,157,1.69,1.689,1.69,1.689,1.69
nature2023_constant_current,9,156,1.69,1.69,1.691,1.69,1.691
nature2023_constant_current,10,156,1.692,1.691,1.692,1.691,1.692
nature2023_constant_current,11,156,1.693,1.692,1.693,1.692,1.693
nature2023_constant_current,12,157,1.694,1.693,1.695,1.693,1.694
nature2023_constant_current,13,156,1.695,1.694,1.696,1.694,1.696
nature2023_constant_current,14,156,1.696,1.695,1.697,1.695,1.697
nature2023_constant_current,15,156,1.697,1.696,1.698,1.696,1.698
nature2023_constant_current,16,157,1.698,1.697,1.699,1.698,1.699
nature2023_constant_current,17,156,1.699,1.698,1.7,1.698,1.7
nature2023_constant_current,18,156,1.7,1.699,1.7,1.699,1.7
nature2023_constant_current,19,156,1.7,1.7,1.701,1.7,1.701
nature2023_constant_current,20,157,1.701,1.7,1.702,1.7,1.702
nature2023_constant_current,21,156,1.701,1.701,1.702,1.701,1.702
nature2023_constant_current,22,156,1.702,1.701,1.703,1.701,1.703
nature2023_constant_current,23,156,1.703,1.702,1.703,1.702,1.703
nature2023_constant_current,24,157,1.703,1.703,1.704,1.703,1.7031
nature2023_constant_current,25,154,1.704,1.703,1.704,1.703,1.704
nature2023_constant_current,26,156,1.704,1.703,1.705,1.703875,1.704125
nature2023_constant_current,27,157,1.704,1.704,1.705,1.704,1.705
nature2023_constant_current,28,156,1.704,1.704,1.705,1.704,1.705
nature2023_constant_current,29,156,1.705,1.704,1.705,1.704,1.705
nature2023_constant_current,30,156,1.705,1.705,1.705,1.705,1.705
nature2023_constant_current,31,157,1.705,1.705,1.706,1.705,1.706
nature2023_constant_current,32,156,1.705,1.705,1.706,1.705,1.706
nature2023_constant_current,33,156,1.706,1.705,1.706,1.705,1.706
nature2023_constant_current,34,157,1.706,1.705,1.706,1.706,1.706
nature2023_constant_current,35,156,1.706,1.706,1.706,1.706,1.706
nature2023_constant_current,36,156,1.706,1.706,1.706,1.706,1.706
nature2023_constant_current,37,156,1.706,1.705,1.706,1.705,1.706
nature2023_constant_current,38,157,1.706,1.705,1.706,1.705,1.706
nature2023_constant_current,39,156,1.706,1.705,1.706,1.705,1.706
nature2023_constant_current,40,156,1.705,1.705,1.706,1.705,1.706
nature2023_constant_current,41,156,1.706,1.706,1.706,1.706,1.706
nature2023_constant_current,42,157,1.706,1.705,1.706,1.705,1.706
nature2023_constant_current,43,156,1.705,1.705,1.706,1.705,1.706
nature2023_constant_current,44,156,1.705,1.705,1.706,1.705,1.706
nature2023_constant_current,45,156,1.705,1.705,1.705,1.705,1.705
nature2023_constant_current,46,157,1.705,1.705,1.706,1.705,1.706
nature2023_constant_current,47,156,1.705,1.705,1.705,1.705,1.705
nature2023_constant_current,48,156,1.705,1.704,1.705,1.705,1.705
nature2023_constant_current,49,156,1.705,1.704,1.705,1.704,1.705
nature2023_constant_current,50,157,1.705,1.704,1.705,1.704,1.705
nature2023_constant_current,51,156,1.705,1.704,1.705,1.704,1.705
nature2023_constant_current,52,156,1.705,1.704,1.705,1.704,1.705
nature2023_constant_current,53,156,1.704,1.704,1.705,1.704,1.705
nature2023_constant_current,54,156,1.705,1.704,1.705,1.704,1.705
nature2023_constant_current,55,157,1.704,1.704,1.705,1.704,1.705
nature2023_constant_current,56,156,1.704,1.704,1.704,1.704,1.704
nature2023_constant_current,57,156,1.704,1.704,1.704,1.704,1.704
nature2023_constant_current,58,156,1.704,1.704,1.704,1.704,1.704
nature2023_constant_current,59,156,1.704,1.704,1.704,1.704,1.704
nature2023_constant_current,60,157,1.704,1.704,1.704,1.704,1.704
nature2023_constant_current,61,156,1.704,1.703,1.704,1.703,1.704
nature2023_constant_current,62,156,1.704,1.703,1.704,1.703,1.704
nature2023_constant_current,63,156,1.704,1.704,1.704,1.704,1.704
nature2023_constant_current,64,156,1.703,1.703,1.704,1.703,1.704
nature2023_constant_current,65,157,1.703,1.703,1.703,1.703,1.703
nature2023_constant_current,66,156,1.703,1.703,1.703,1.703,1.703
nature2023_constant_current,67,156,1.704,1.703,1.704,1.703,1.704
nature2023_constant_current,68,156,1.704,1.703,1.704,1.703,1.704
nature2023_constant_current,69,156,1.703,1.703,1.704,1.703,1.704
nature2023_constant_current,70,156,1.703,1.703,1.704,1.703,1.704
nature2023_constant_current,71,157,1.703,1.702,1.703,1.702,1.703
nature2023_constant_current,72,156,1.703,1.702,1.703,1.702,1.703
nature2023_constant_current,73,156,1.703,1.702,1.703,1.703,1.703
nature2023_constant_current,74,156,1.703,1.702,1.703,1.702,1.703
nature2023_constant_current,75,156,1.702,1.702,1.703,1.702,1.7021249999999999
nature2023_constant_current,76,157,1.702,1.702,1.703,1.702,1.703
nature2023_constant_current,77,156,1.702,1.702,1.702,1.702,1.702
nature2023_constant_current,78,156,1.702,1.702,1.702,1.702,1.702
nature2023_constant_current,79,156,1.702,1.702,1.703,1.702,1.703
nature2023_constant_current,80,156,1.702,1.702,1.703,1.702,1.703
nature2023_constant_current,81,156,1.703,1.702,1.703,1.702,1.703
nature2023_constant_current,82,157,1.702,1.702,1.703,1.702,1.703
nature2023_constant_current,83,156,1.702,1.702,1.702,1.702,1.702
nature2023_constant_current,84,156,1.702,1.702,1.703,1.702,1.703
nature2023_constant_current,85,156,1.702,1.702,1.703,1.702,1.703
nature2023_constant_current,86,156,1.702,1.702,1.702,1.702,1.702
nature2023_constant_current,87,157,1.702,1.701,1.702,1.702,1.702
nature2023_constant_current,88,156,1.702,1.701,1.702,1.701,1.702
nature2023_constant_current,89,156,1.702,1.701,1.702,1.701,1.702
nature2023_constant_current,90,156,1.702,1.701,1.702,1.701,1.702
nature2023_constant_current,91,156,1.702,1.702,1.702,1.702,1.702
nature2023_constant_current,92,157,1.702,1.702,1.702,1.702,1.702
nature2023_constant_current,93,156,1.702,1.702,1.702,1.702,1.702
nature2023_constant_current,94,156,1.702,1.702,1.702,1.702,1.702
nature2023_constant_current,95,156,1.702,1.702,1.702,1.702,1.702
nature2023_constant_current,96,156,1.702,1.702,1.702,1.702,1.702
nature2023_constant_current,97,156,1.702,1.702,1.702,1.702,1.702
nature2023_constant_current,98,157,1.702,1.701,1.702,1.701,1.702
nature2023_constant_current,99,156,1.702,1.702,1.702,1.702,1.702
nature2023_constant_current,100,156,1.702,1.701,1.702,1.701,1.702
nature2023_constant_current,101,156,1.702,1.702,1.702,1.702,1.702
nature2023_constant_current,102,157,1.702,1.702,1.702,1.702,1.702
nature2023_constant_current,103,156,1.702,1.702,1.702,1.702,1.702
nature2023_constant_current,104,156,1.702,1.701,1.702,1.701,1.702
nature2023_constant_current,105,157,1.702,1.701,1.702,1.701,1.702
nature2023_constant_current,106,156,1.702,1.701,1.702,1.701,1.702
nature2023_constant_current,107,156,1.702,1.701,1.702,1.701,1.702
nature2023_constant_current,108,157,1.701,1.701,1.702,1.701,1.702
nature2023_constant_current,109,156,1.702,1.701,1.702,1.701,1.702
nature2023_constant_current,110,156,1.701,1.701,1.702,1.701,1.702
nature2023_constant_current,111,157,1.702,1.702,1.702,1.702,1.702
nature2023_constant_current,112,156,1.702,1.702,1.702,1.702,1.702
nature2023_constant_current,113,156,1.702,1.701,1.702,1.701,1.702
nature2023_constant_current,114,157,1.702,1.702,1.702,1.702,1.702
nature2023_constant_current,115,156,1.702,1.702,1.702,1.702,1.702
nature2023_constant_current,116,156,1.702,1.702,1.702,1.702,1.702
nature2023_constant_current,117,157,1.702,1.701,1.702,1.701,1.702
nature2023_constant_current,118,156,1.702,1.702,1.702,1.702,1.702
nature2023_constant_current,119,156,1.702,1.701,1.702,1.701,1.702
nature2023_constant_current,120,4,1.701,1.701,1.701,1.701,1.701
natsynth2026_constant_current,0,299,1.402,1.392,1.407,1.393,1.406
natsynth2026_constant_current,1,675,1.409,1.404,1.411,1.405,1.41
natsynth2026_constant_current,2,674,1.41,1.408,1.412,1.409,1.411
natsynth2026_constant_current,3,676,1.411,1.408,1.413,1.409,1.412
natsynth2026_constant_current,4,675,1.413,1.41,1.416,1.411,1.415
natsynth2026_constant_current,5,675,1.416,1.414,1.419,1.415,1.418
natsynth2026_constant_current,6,676,1.417,1.415,1.419,1.415,1.418
natsynth2026_constant_current,7,674,1.415,1.414,1.417,1.414825,1.417
natsynth2026_constant_current,8,675,1.416,1.414,1.418,1.415,1.417
natsynth2026_constant_current,9,676,1.417,1.414,1.419,1.415,1.418
natsynth2026_constant_current,10,675,1.418,1.416,1.42,1.417,1.419
natsynth2026_constant_current,11,675,1.418,1.416,1.419,1.417,1.419
natsynth2026_constant_current,12,674,1.418,1.416,1.419,1.416,1.419
natsynth2026_constant_current,13,676,1.417,1.416,1.419,1.416,1.419
natsynth2026_constant_current,14,671,1.417,1.416,1.419,1.416,1.418
natsynth2026_constant_current,15,683,1.418,1.417,1.419,1.417,1.419
natsynth2026_constant_current,16,674,1.418,1.417,1.419,1.417,1.419
natsynth2026_constant_current,17,674,1.418,1.417,1.419,1.417,1.419
natsynth2026_constant_current,18,674,1.418,1.416,1.419,1.417,1.419
natsynth2026_constant_current,19,673,1.417,1.415,1.419,1.416,1.418
natsynth2026_constant_current,20,674,1.418,1.416,1.42,1.417,1.42
natsynth2026_constant_current,21,674,1.419,1.418,1.42,1.418,1.42
natsynth2026_constant_current,22,674,1.42,1.419,1.421,1.419,1.421
natsynth2026_constant_current,23,684,1.421,1.42,1.422,1.42,1.421
natsynth2026_constant_current,24,673,1.42,1.419,1.422,1.42,1.421
natsynth2026_constant_current,25,674,1.42,1.418,1.422,1.418,1.421
natsynth2026_constant_current,26,674,1.419,1.418,1.42,1.418,1.42
natsynth2026_constant_current,27,674,1.419,1.418,1.42,1.419,1.42
natsynth2026_constant_current,28,674,1.419,1.418,1.42,1.419,1.42
natsynth2026_constant_current,29,674,1.42,1.419,1.421,1.419,1.421
natsynth2026_constant_current,30,683,1.419,1.418,1.42,1.418,1.4199499999999998
natsynth2026_constant_current,31,674,1.419,1.419,1.421,1.419,1.42
natsynth2026_constant_current,32,674,1.42,1.42,1.421,1.42,1.421
natsynth2026_constant_current,33,674,1.42,1.419,1.42,1.419,1.42
natsynth2026_constant_current,34,673,1.418,1.417,1.42,1.417,1.42
natsynth2026_constant_current,35,674,1.419,1.418,1.42,1.418,1.42
natsynth2026_constant_current,36,674,1.419,1.418,1.42,1.419,1.42
natsynth2026_constant_current,37,674,1.419,1.418,1.42,1.418,1.419
natsynth2026_constant_current,38,684,1.42,1.419,1.42,1.419,1.42
natsynth2026_constant_current,39,673,1.419,1.418,1.42,1.419,1.42
natsynth2026_constant_current,40,674,1.419,1.418,1.42,1.419,1.419
natsynth2026_constant_current,41,674,1.419,1.418,1.42,1.418,1.42
natsynth2026_constant_current,42,674,1.42,1.419,1.42,1.419,1.42
natsynth2026_constant_current,43,674,1.419,1.418,1.42,1.418,1.42
natsynth2026_constant_current,44,673,1.418,1.418,1.419,1.418,1.419
natsynth2026_constant_current,45,674,1.419,1.418,1.419,1.418,1.419
natsynth2026_constant_current,46,684,1.419,1.418,1.419,1.418,1.419
natsynth2026_constant_current,47,674,1.419,1.418,1.419,1.418,1.419
natsynth2026_constant_current,48,674,1.419,1.418,1.42,1.419,1.42
natsynth2026_constant_current,49,673,1.419,1.419,1.42,1.419,1.42
natsynth2026_constant_current,50,674,1.42,1.419,1.42,1.419,1.42
natsynth2026_constant_current,51,674,1.42,1.419,1.42,1.419,1.42
natsynth2026_constant_current,52,674,1.419,1.419,1.42,1.419,1.42
natsynth2026_constant_current,53,683,1.419,1.418,1.42,1.418,1.42
natsynth2026_constant_current,54,674,1.418,1.417,1.419,1.417,1.418
natsynth2026_constant_current,55,674,1.418,1.417,1.419,1.417,1.419
natsynth2026_constant_current,56,674,1.419,1.418,1.419,1.418,1.419
natsynth2026_constant_current,57,674,1.419,1.418,1.419,1.418,1.419
natsynth2026_constant_current,58,674,1.419,1.418,1.419,1.418,1.419
natsynth2026_constant_current,59,673,1.419,1.418,1.42,1.419,1.42
natsynth2026_constant_current,60,674,1.418,1.417,1.419,1.418,1.419
natsynth2026_constant_current,61,684,1.418,1.418,1.419,1.418,1.419
natsynth2026_constant_current,62,674,1.419,1.417,1.419,1.417,1.419
natsynth2026_constant_current,63,674,1.417,1.416,1.419,1.416,1.418
natsynth2026_constant_current,64,673,1.419,1.417,1.419,1.418,1.419
natsynth2026_constant_current,65,674,1.42,1.419,1.422,1.419,1.422
natsynth2026_constant_current,66,674,1.422,1.421,1.422,1.421,1.422
natsynth2026_constant_current,67,674,1.422,1.42,1.422,1.42,1.422
natsynth2026_constant_current,68,674,1.421,1.42,1.422,1.42,1.421
natsynth2026_constant_current,69,683,1.422,1.421,1.423,1.421,1.422
natsynth2026_constant_current,70,674,1.422,1.421,1.422,1.421,1.422
natsynth2026_constant_current,71,674,1.422,1.421,1.423,1.421,1.423
natsynth2026_constant_current,72,674,1.423,1.422,1.424,1.422,1.424
natsynth2026_constant_current,73,674,1.424,1.423,1.424,1.423,1.424
natsynth2026_constant_current,74,673,1.423,1.423,1.424,1.423,1.424
natsynth2026_constant_current,75,674,1.424,1.423,1.424,1.423,1.424
natsynth2026_constant_current,76,684,1.423,1.422,1.424,1.422,1.424
natsynth2026_constant_current,77,674,1.423,1.422,1.424,1.423,1.424
natsynth2026_constant_current,78,673,1.423,1.422,1.424,1.423,1.424
natsynth2026_constant_current,79,674,1.424,1.423,1.425,1.423,1.425
natsynth2026_constant_current,80,674,1.423,1.422,1.423,1.422,1.423
natsynth2026_constant_current,81,674,1.423,1.422,1.424,1.422,1.423
natsynth2026_constant_current,82,674,1.423,1.422,1.424,1.422,1.424
natsynth2026_constant_current,83,674,1.423,1.422,1.424,1.423,1.424
natsynth2026_constant_current,84,683,1.423,1.423,1.424,1.423,1.423
natsynth2026_constant_current,85,674,1.423,1.422,1.424,1.423,1.423
natsynth2026_constant_current,86,674,1.423,1.423,1.424,1.423,1.424
natsynth2026_constant_current,87,674,1.421,1.42,1.423,1.42,1.423
natsynth2026_constant_current,88,674,1.421,1.421,1.423,1.421,1.422
natsynth2026_constant_current,89,673,1.422,1.421,1.423,1.422,1.423
natsynth2026_constant_current,90,674,1.422,1.421,1.423,1.422,1.423
natsynth2026_constant_current,91,674,1.423,1.422,1.424,1.422,1.424
natsynth2026_constant_current,92,684,1.423,1.421,1.424,1.422,1.424
natsynth2026_constant_current,93,673,1.422,1.421,1.423,1.421,1.423
natsynth2026_constant_current,94,674,1.422,1.422,1.423,1.422,1.423
natsynth2026_constant_current,95,674,1.422,1.42,1.423,1.421,1.422
natsynth2026_constant_current,96,674,1.421,1.42,1.422,1.421,1.422
natsynth2026_constant_current,97,674,1.421,1.42,1.423,1.42,1.422
natsynth2026_constant_current,98,674,1.422,1.421,1.423,1.422,1.423
natsynth2026_constant_current,99,683,1.423,1.422,1.424,1.422,1.423
natsynth2026_constant_current,100,674,1.423,1.422,1.424,1.422,1.424
natsynth2026_constant_current,101,674,1.423,1.423,1.424,1.423,1.424
natsynth2026_constant_current,102,674,1.423,1.423,1.424,1.423,1.423
natsynth2026_constant_current,103,673,1.423,1.422,1.424,1.422,1.423
natsynth2026_constant_current,104,674,1.422,1.421,1.423,1.421,1.423
natsynth2026_constant_current,105,674,1.422,1.421,1.423,1.421,1.422
natsynth2026_constant_current,106,674,1.422,1.421,1.423,1.421,1.422
natsynth2026_constant_current,107,684,1.421,1.421,1.423,1.421,1.422
natsynth2026_constant_current,108,673,1.423,1.422,1.424,1.422,1.423
natsynth2026_constant_current,109,674,1.422,1.422,1.423,1.422,1.423
natsynth2026_constant_current,110,674,1.422,1.421,1.423,1.422,1.423
natsynth2026_constant_current,111,674,1.422,1.421,1.423,1.422,1.423
natsynth2026_constant_current,112,674,1.422,1.422,1.423,1.422,1.423
natsynth2026_constant_current,113,674,1.422,1.421,1.423,1.421,1.423
natsynth2026_constant_current,114,673,1.423,1.422,1.423,1.422,1.423
natsynth2026_constant_current,115,684,1.422,1.421,1.423,1.421,1.423
natsynth2026_constant_current,116,674,1.421,1.42,1.422,1.42,1.422
natsynth2026_constant_current,117,674,1.42,1.419,1.421,1.419,1.421
natsynth2026_constant_current,118,673,1.421,1.42,1.422,1.4208,1.422
natsynth2026_constant_current,119,674,1.422,1.421,1.422,1.421,1.422
natsynth2026_constant_current,120,674,1.421,1.42,1.422,1.42,1.422
natsynth2026_constant_current,121,674,1.422,1.421,1.422,1.421,1.422
natsynth2026_constant_current,122,683,1.422,1.422,1.423,1.422,1.423
natsynth2026_constant_current,123,674,1.421,1.421,1.422,1.421,1.422
natsynth2026_constant_current,124,674,1.421,1.42,1.421,1.42,1.421
natsynth2026_constant_current,125,674,1.422,1.421,1.423,1.421,1.423
natsynth2026_constant_current,126,674,1.422,1.42,1.423,1.421,1.423
natsynth2026_constant_current,127,674,1.421,1.42,1.423,1.42,1.422
natsynth2026_constant_current,128,673,1.422,1.42,1.423,1.421,1.423
natsynth2026_constant_current,129,674,1.422,1.42,1.423,1.421,1.423
natsynth2026_constant_current,130,684,1.423,1.422,1.424,1.422,1.423
natsynth2026_constant_current,131,674,1.422,1.422,1.423,1.422,1.423
natsynth2026_constant_current,132,674,1.422,1.421,1.423,1.421,1.423
natsynth2026_constant_current,133,673,1.42,1.419,1.422,1.42,1.421
natsynth2026_constant_current,134,674,1.421,1.42,1.422,1.42,1.422
natsynth2026_constant_current,135,674,1.42,1.419,1.422,1.42,1.422
natsynth2026_constant_current,136,674,1.42,1.419,1.422,1.42,1.422
natsynth2026_constant_current,137,674,1.421,1.42,1.422,1.42,1.422
natsynth2026_constant_current,138,683,1.423,1.421,1.424,1.421,1.424
natsynth2026_constant_current,139,674,1.422,1.42,1.423,1.42,1.422
natsynth2026_constant_current,140,674,1.421,1.42,1.423,1.42,1.423
natsynth2026_constant_current,141,674,1.423,1.422,1.423,1.422,1.423
natsynth2026_constant_current,142,674,1.424,1.423,1.424,1.423,1.424
natsynth2026_constant_current,143,673,1.423,1.422,1.424,1.422,1.424
natsynth2026_constant_current,144,689,1.424,1.423,1.425,1.423,1.425
natsynth2026_constant_current,145,683,1.423,1.423,1.424,1.423,1.424
natsynth2026_constant_current,146,684,1.424,1.422,1.424,1.422,1.424
natsynth2026_constant_current,147,684,1.422,1.421,1.423,1.421,1.423
natsynth2026_constant_current,148,683,1.421,1.421,1.423,1.421,1.42295
natsynth2026_constant_current,149,586,1.422,1.421,1.423,1.421,1.423
natsynth2026_constant_current,150,684,1.421,1.421,1.422,1.421,1.422
natsynth2026_constant_current,151,683,1.422,1.421,1.423,1.421,1.422
natsynth2026_constant_current,152,684,1.421,1.421,1.422,1.421,1.422
natsynth2026_constant_current,153,684,1.423,1.422,1.424,1.422,1.424
natsynth2026_constant_current,154,683,1.423,1.423,1.425,1.423,1.424
natsynth2026_constant_current,155,684,1.423,1.422,1.425,1.422,1.425
natsynth2026_constant_current,156,683,1.423,1.422,1.424,1.423,1.424
natsynth2026_constant_current,157,684,1.422,1.422,1.423,1.422,1.423
natsynth2026_constant_current,158,684,1.423,1.421,1.424,1.422,1.424
natsynth2026_constant_current,159,683,1.424,1.422,1.425,1.423,1.424
natsynth2026_constant_current,160,586,1.423,1.422,1.424,1.422,1.424
natsynth2026_constant_current,161,684,1.423,1.422,1.424,1.422,1.424
natsynth2026_constant_current,162,683,1.424,1.424,1.425,1.424,1.425
natsynth2026_constant_current,163,684,1.425,1.424,1.426,1.424,1.425
natsynth2026_constant_current,164,683,1.425,1.424,1.426,1.424,1.426
natsynth2026_constant_current,165,684,1.423,1.423,1.424,1.423,1.424
natsynth2026_constant_current,166,684,1.424,1.421,1.424,1.422,1.424
natsynth2026_constant_current,167,683,1.422,1.421,1.422,1.421,1.422
natsynth2026_constant_current,168,684,1.422,1.421,1.423,1.422,1.423
natsynth2026_constant_current,169,683,1.421,1.42,1.422,1.421,1.422
natsynth2026_constant_current,170,684,1.422,1.421,1.423,1.421,1.423
natsynth2026_constant_current,171,684,1.421,1.419,1.423,1.42,1.423
natsynth2026_constant_current,172,586,1.421,1.42,1.422,1.42,1.422
natsynth2026_constant_current,173,683,1.423,1.421,1.425,1.422,1.424
natsynth2026_constant_current,174,684,1.423,1.423,1.425,1.423,1.425
natsynth2026_constant_current,175,683,1.424,1.422,1.424,1.423,1.424
natsynth2026_constant_current,176,684,1.424,1.423,1.425,1.423,1.425
natsynth2026_constant_current,177,684,1.424,1.423,1.425,1.424,1.425
natsynth2026_constant_current,178,683,1.424,1.423,1.425,1.424,1.425
natsynth2026_constant_current,179,684,1.425,1.424,1.426,1.424,1.426
natsynth2026_constant_current,180,683,1.425,1.424,1.426,1.424,1.426
natsynth2026_constant_current,181,684,1.424,1.423,1.426,1.423,1.425
natsynth2026_constant_current,182,683,1.424,1.422,1.425,1.422,1.425
natsynth2026_constant_current,183,586,1.424,1.422,1.425,1.422,1.425
natsynth2026_constant_current,184,684,1.423,1.422,1.425,1.422,1.424
natsynth2026_constant_current,185,684,1.423,1.422,1.424,1.422,1.424
natsynth2026_constant_current,186,683,1.423,1.422,1.424,1.422,1.424
natsynth2026_constant_current,187,684,1.422,1.421,1.423,1.421,1.423
natsynth2026_constant_current,188,683,1.422,1.421,1.423,1.421,1.423
natsynth2026_constant_current,189,684,1.422,1.421,1.423,1.422,1.423
natsynth2026_constant_current,190,684,1.423,1.422,1.424,1.423,1.424
natsynth2026_constant_current,191,683,1.424,1.422,1.425,1.422,1.425
natsynth2026_constant_current,192,684,1.422,1.421,1.423,1.421,1.423
natsynth2026_constant_current,193,683,1.423,1.422,1.424,1.422,1.424
natsynth2026_constant_current,194,684,1.424,1.422,1.425,1.423,1.425
natsynth2026_constant_current,195,586,1.424,1.422,1.425,1.423,1.425
natsynth2026_constant_current,196,683,1.423,1.422,1.425,1.423,1.425
natsynth2026_constant_current,197,684,1.424,1.424,1.425,1.424,1.425
natsynth2026_constant_current,198,684,1.424,1.423,1.425,1.424,1.425
natsynth2026_constant_current,199,683,1.423,1.42,1.424,1.422,1.424
natsynth2026_constant_current,200,1,1.419,1.419,1.419,1.419,1.419
