seed,method,evaluation,candidate_index,flow_rate_uL_min,overpotential_V,objective_STY_div_50000,objective_negative_SEC,acquisition_MC_EHVI,hypervolume,phase,acquisition_input_maximin_distance,full_pool_HV_fraction,evidence_role
0,gp_mc_ehvi,1,49,975.0,0.47500000000000003,0.7774714403381844,-0.5453299936636866,,1.1309643850430493,initial_shared,,0.7432837858245585,cached_deterministic_PDE_pool_evaluation_use
0,gp_mc_ehvi,2,40,800.0,0.47500000000000003,0.7245304100402967,-0.5338015527118044,,1.139317091093042,initial_shared,,0.7487732875779509,cached_deterministic_PDE_pool_evaluation_use
0,gp_mc_ehvi,3,21,450.0,0.40625,0.48972658515847345,-0.4715515610347218,,1.169802566943203,initial_shared,,0.7688087194644364,cached_deterministic_PDE_pool_evaluation_use
0,gp_mc_ehvi,4,24,450.0,0.6125,0.6113868012591124,-0.5314015978522341,,1.17009454597005,initial_shared,,0.7690006116931628,cached_deterministic_PDE_pool_evaluation_use
0,gp_mc_ehvi,5,65,1325.0,0.3375,0.3620795889444739,-0.4326360448096191,,1.1841850600883972,initial_shared,,0.7782610718956305,cached_deterministic_PDE_pool_evaluation_use
0,gp_mc_ehvi,6,50,975.0,0.54375,0.8299976754672296,-0.567887209841431,0.05611614310718205,1.2594085532355792,sequential,,0.8276988822359242,cached_deterministic_PDE_pool_evaluation_use
0,gp_mc_ehvi,7,61,1150.0,0.6812500000000001,0.903831434358727,-0.6062034543158391,0.028918683837072263,1.3623177913334257,sequential,,0.8953321066780685,cached_deterministic_PDE_pool_evaluation_use
0,gp_mc_ehvi,8,80,1500.0,0.75,0.999510934127806,-0.6381577271901411,0.03312307917730857,1.4926181787602586,sequential,,0.9809671333348421,cached_deterministic_PDE_pool_evaluation_use
0,gp_mc_ehvi,9,79,1500.0,0.6812500000000001,0.9980573242795069,-0.6267220880103119,0.026617209198953905,1.4936957120387908,sequential,,0.981675301536433,cached_deterministic_PDE_pool_evaluation_use
0,gp_mc_ehvi,10,71,1325.0,0.75,0.9544730053206639,-0.6283502659464287,0.015527976403766616,1.4936957120387908,sequential,,0.981675301536433,cached_deterministic_PDE_pool_evaluation_use
0,random,1,49,975.0,0.47500000000000003,0.7774714403381844,-0.5453299936636866,,1.1309643850430493,initial_shared,,0.7432837858245585,cached_deterministic_PDE_pool_evaluation_use
0,random,2,40,800.0,0.47500000000000003,0.7245304100402967,-0.5338015527118044,,1.139317091093042,initial_shared,,0.7487732875779509,cached_deterministic_PDE_pool_evaluation_use
0,random,3,21,450.0,0.40625,0.48972658515847345,-0.4715515610347218,,1.169802566943203,initial_shared,,0.7688087194644364,cached_deterministic_PDE_pool_evaluation_use
0,random,4,24,450.0,0.6125,0.6113868012591124,-0.5314015978522341,,1.17009454597005,initial_shared,,0.7690006116931628,cached_deterministic_PDE_pool_evaluation_use
0,random,5,65,1325.0,0.3375,0.3620795889444739,-0.4326360448096191,,1.1841850600883972,initial_shared,,0.7782610718956305,cached_deterministic_PDE_pool_evaluation_use
0,random,6,66,1325.0,0.40625,0.6754128141555608,-0.5119866019571674,,1.187943817002936,sequential,,0.780731373442152,cached_deterministic_PDE_pool_evaluation_use
0,random,7,52,975.0,0.6812500000000001,0.8487411923713806,-0.5942070009373647,,1.2881343354561332,sequential,,0.8465778216985956,cached_deterministic_PDE_pool_evaluation_use
0,random,8,74,1500.0,0.3375,0.3680209881431934,-0.4339298441453882,,1.288357861094714,sequential,,0.8467247255136674,cached_deterministic_PDE_pool_evaluation_use
0,random,9,38,800.0,0.3375,0.3365202706394469,-0.42707024659618237,,1.2902308650158243,sequential,,0.8479556868629005,cached_deterministic_PDE_pool_evaluation_use
0,random,10,47,975.0,0.3375,0.3468300456548208,-0.4293153036308264,,1.2902651011102617,sequential,,0.8479781872477241,cached_deterministic_PDE_pool_evaluation_use
0,maximin_spacefill,1,49,975.0,0.47500000000000003,0.7774714403381844,-0.5453299936636866,,1.1309643850430493,initial_shared,,0.7432837858245585,cached_deterministic_PDE_pool_evaluation_use
0,maximin_spacefill,2,40,800.0,0.47500000000000003,0.7245304100402967,-0.5338015527118044,,1.139317091093042,initial_shared,,0.7487732875779509,cached_deterministic_PDE_pool_evaluation_use
0,maximin_spacefill,3,21,450.0,0.40625,0.48972658515847345,-0.4715515610347218,,1.169802566943203,initial_shared,,0.7688087194644364,cached_deterministic_PDE_pool_evaluation_use
0,maximin_spacefill,4,24,450.0,0.6125,0.6113868012591124,-0.5314015978522341,,1.17009454597005,initial_shared,,0.7690006116931628,cached_deterministic_PDE_pool_evaluation_use
0,maximin_spacefill,5,65,1325.0,0.3375,0.3620795889444739,-0.4326360448096191,,1.1841850600883972,initial_shared,,0.7782610718956305,cached_deterministic_PDE_pool_evaluation_use
0,maximin_spacefill,6,80,1500.0,0.75,0.999510934127806,-0.6381577271901411,,1.4865678289644062,sequential,0.625,0.9769907685957766,cached_deterministic_PDE_pool_evaluation_use
0,maximin_spacefill,7,0,100.0,0.2,0.03427726668192804,-0.3390155954494765,,1.4897768820740058,sequential,0.45069390943299864,0.9790997980009107,cached_deterministic_PDE_pool_evaluation_use
0,maximin_spacefill,8,36,800.0,0.2,0.037116628257851454,-0.3396338949438938,,1.4900409488048127,sequential,0.45069390943299864,0.9792733459233567,cached_deterministic_PDE_pool_evaluation_use
0,maximin_spacefill,9,52,975.0,0.6812500000000001,0.8487411923713806,-0.5942070009373647,,1.493173306166527,sequential,0.3750000000000001,0.9813319699341223,cached_deterministic_PDE_pool_evaluation_use
0,maximin_spacefill,10,77,1500.0,0.54375,0.9720294607946087,-0.5988160573010445,,1.498023672524032,sequential,0.3750000000000001,0.9845196907116471,cached_deterministic_PDE_pool_evaluation_use
1,gp_mc_ehvi,1,39,800.0,0.40625,0.588602391013504,-0.4930827606157744,,0.8869750901610239,initial_shared,,0.582931002660946,cached_deterministic_PDE_pool_evaluation_use
1,gp_mc_ehvi,2,2,100.0,0.3375,0.17511240412786785,-0.39192206289483544,,0.9046895831421901,initial_shared,,0.5945731866069087,cached_deterministic_PDE_pool_evaluation_use
1,gp_mc_ehvi,3,59,1150.0,0.54375,0.8825265575161088,-0.5793259013735464,,1.3222600334528098,initial_shared,,0.8690056526155788,cached_deterministic_PDE_pool_evaluation_use
1,gp_mc_ehvi,4,76,1500.0,0.47500000000000003,0.9001672541188478,-0.5720482391578785,,1.3495891780300004,initial_shared,,0.8869667045402225,cached_deterministic_PDE_pool_evaluation_use
1,gp_mc_ehvi,5,36,800.0,0.2,0.037116628257851454,-0.3396338949438938,,1.3515299385221196,initial_shared,,0.8882421963461878,cached_deterministic_PDE_pool_evaluation_use
1,gp_mc_ehvi,6,78,1500.0,0.6125,0.9925501724671817,-0.6144037493643931,0.1041287698466561,1.4795353638083466,sequential,,0.9723689454915271,cached_deterministic_PDE_pool_evaluation_use
1,gp_mc_ehvi,7,71,1325.0,0.75,0.9544730053206639,-0.6283502659464287,0.08175919131152232,1.4795353638083466,sequential,,0.9723689454915271,cached_deterministic_PDE_pool_evaluation_use
1,gp_mc_ehvi,8,44,800.0,0.75,0.7865016730640364,-0.5917728216724085,0.09300640475939446,1.4795353638083466,sequential,,0.9723689454915271,cached_deterministic_PDE_pool_evaluation_use
1,gp_mc_ehvi,9,79,1500.0,0.6812500000000001,0.9980573242795069,-0.6267220880103119,0.04819383353544208,1.4870982137501867,sequential,,0.9773393440387634,cached_deterministic_PDE_pool_evaluation_use
1,gp_mc_ehvi,10,8,100.0,0.75,0.21633317585028777,-0.4676129060876591,0.046298057274223335,1.4881481008094934,sequential,,0.9780293428030481,cached_deterministic_PDE_pool_evaluation_use
1,random,1,39,800.0,0.40625,0.588602391013504,-0.4930827606157744,,0.8869750901610239,initial_shared,,0.582931002660946,cached_deterministic_PDE_pool_evaluation_use
1,random,2,2,100.0,0.3375,0.17511240412786785,-0.39192206289483544,,0.9046895831421901,initial_shared,,0.5945731866069087,cached_deterministic_PDE_pool_evaluation_use
1,random,3,59,1150.0,0.54375,0.8825265575161088,-0.5793259013735464,,1.3222600334528098,initial_shared,,0.8690056526155788,cached_deterministic_PDE_pool_evaluation_use
1,random,4,76,1500.0,0.47500000000000003,0.9001672541188478,-0.5720482391578785,,1.3495891780300004,initial_shared,,0.8869667045402225,cached_deterministic_PDE_pool_evaluation_use
1,random,5,36,800.0,0.2,0.037116628257851454,-0.3396338949438938,,1.3515299385221196,initial_shared,,0.8882421963461878,cached_deterministic_PDE_pool_evaluation_use
1,random,6,24,450.0,0.6125,0.6113868012591124,-0.5314015978522341,,1.3524560482727335,sequential,,0.8888508471318615,cached_deterministic_PDE_pool_evaluation_use
1,random,7,70,1325.0,0.6812500000000001,0.953149731711751,-0.61694300879149,,1.4257338343191466,sequential,,0.9370099146937871,cached_deterministic_PDE_pool_evaluation_use
1,random,8,33,625.0,0.6125,0.7074950704903042,-0.552330138543364,,1.4276289068417338,sequential,,0.9382553798009374,cached_deterministic_PDE_pool_evaluation_use
1,random,9,20,450.0,0.3375,0.30346160029453306,-0.41987138917170524,,1.4370255275168393,sequential,,0.9444309551609731,cached_deterministic_PDE_pool_evaluation_use
1,random,10,66,1325.0,0.40625,0.6754128141555608,-0.5119866019571674,,1.4400509225419855,sequential,,0.9464192822008382,cached_deterministic_PDE_pool_evaluation_use
1,maximin_spacefill,1,39,800.0,0.40625,0.588602391013504,-0.4930827606157744,,0.8869750901610239,initial_shared,,0.582931002660946,cached_deterministic_PDE_pool_evaluation_use
1,maximin_spacefill,2,2,100.0,0.3375,0.17511240412786785,-0.39192206289483544,,0.9046895831421901,initial_shared,,0.5945731866069087,cached_deterministic_PDE_pool_evaluation_use
1,maximin_spacefill,3,59,1150.0,0.54375,0.8825265575161088,-0.5793259013735464,,1.3222600334528098,initial_shared,,0.8690056526155788,cached_deterministic_PDE_pool_evaluation_use
1,maximin_spacefill,4,76,1500.0,0.47500000000000003,0.9001672541188478,-0.5720482391578785,,1.3495891780300004,initial_shared,,0.8869667045402225,cached_deterministic_PDE_pool_evaluation_use
1,maximin_spacefill,5,36,800.0,0.2,0.037116628257851454,-0.3396338949438938,,1.3515299385221196,initial_shared,,0.8882421963461878,cached_deterministic_PDE_pool_evaluation_use
1,maximin_spacefill,6,8,100.0,0.75,0.21633317585028777,-0.4676129060876591,,1.3525798255814263,sequential,0.75,0.8889321951104726,cached_deterministic_PDE_pool_evaluation_use
1,maximin_spacefill,7,72,1500.0,0.2,0.0374537332146995,-0.3397073029332411,,1.3525974274358301,sequential,0.5,0.8889437632669519,cached_deterministic_PDE_pool_evaluation_use
1,maximin_spacefill,8,44,800.0,0.75,0.7865016730640364,-0.5917728216724085,,1.3525974274358301,sequential,0.45069390943299875,0.8889437632669519,cached_deterministic_PDE_pool_evaluation_use
1,maximin_spacefill,9,80,1500.0,0.75,0.999510934127806,-0.6381577271901411,,1.4878878504085251,sequential,0.45069390943299875,0.9778583030197867,cached_deterministic_PDE_pool_evaluation_use
1,maximin_spacefill,10,14,275.0,0.54375,0.466399228529786,-0.48870999696646156,,1.488981330153609,sequential,0.39528470752104733,0.9785769514364807,cached_deterministic_PDE_pool_evaluation_use
