model_id,isotope,v,E_numerical_Hartree,E_numerical_cm_1,E_full_line_exact_Hartree,E_harmonic_Hartree,probability_within_025A_of_boundaries
analytic_control,H2,0,0.009813645397660244,2153.8462059800686,0.00981756366448448,0.009941095386334737,1.9736458693476487e-29
analytic_control,H2,1,0.02869358492535942,6297.513973980242,0.028711500662351896,0.02982328615900421,4.0500138022388605e-28
analytic_control,H2,2,0.0465746979995922,10221.964674310124,0.04661718388541726,0.04970547693167369,4.166827388451171e-27
analytic_control,H2,3,0.06346035832292467,13927.938749096737,0.06353461333368056,0.06958766770434316,2.863037864392928e-26
analytic_control,H2,4,0.07935362358771329,17416.107284242833,0.0794637890071418,0.08946985847701264,1.4763899235206653e-25
analytic_control,H2,5,0.09425723556014204,20687.07202787093,0.09440471090580099,0.10935204924968212,6.087374638011083e-25
analytic_control,H2,6,0.10817362005766731,23741.36538537302,0.10835737902965811,0.1292342400223516,2.087621726811528e-24
analytic_control,H2,7,0.12110488681986926,26579.450391065733,0.12132179337871318,0.14911643079502107,6.115471708099738e-24
analytic_control,H2,8,0.13305282927371148,29201.72065667078,0.13329795395296617,0.16899862156769052,1.5593641823563606e-23
analytic_control,H2,9,0.14401892419148,31608.500296241236,0.14428586075241714,0.18888081234036,3.5086637829963877e-23
analytic_control,H2,10,0.15400433124285706,33800.04382785313,0.15428551377706604,0.20876300311302948,7.036092042650688e-23
analytic_control,H2,11,0.1630098924394927,35776.53605170295,0.16329691302691288,0.22864519388569896,1.2663850137479151e-22
analytic_control,H2,12,0.17103613147352947,37538.09190493062,0.17132005850195764,0.24852738465836843,2.0548865337486782e-22
analytic_control,H2,13,0.1780832529478968,39084.75629268866,0.17835495020220035,0.2684095754310379,3.011906659104801e-22
analytic_control,H2,14,0.1841511415004678,40416.50389591681,0.18440158812764107,0.2882917662037074,3.983642848007877e-22
analytic_control,H2,15,0.1892393608192579,41533.23895520308,0.18945997227827963,0.30817395697637684,4.729695215043524e-22
analytic_control,H2,16,0.19334715255057766,42434.79503115104,0.19353010265411622,0.32805614774904635,4.978600149679093e-22
analytic_control,H2,17,0.19647343509813442,43120.934740813085,0.19661197925515067,0.3479383385217158,2.3851786511918126e-18
analytic_control,H2,18,0.19861680231408863,43591.349470410474,0.19870560208138313,0.3678205292943853,3.5172613308152084e-11
analytic_control,H2,19,0.19977573851178637,43845.70656517359,0.1998109711328135,0.38770272006705475,1.7124586740388067e-05
analytic_control,D2,0,0.006965406434443156,1528.730009493863,0.00696936425371678,0.007031160781129395,6.884487443209734e-40
analytic_control,D2,1,0.020518718317540388,4503.338138786308,0.02053731359667465,0.021093482343388186,1.943772275325926e-38
analytic_control,D2,2,0.03356549842003992,7366.775392258357,0.0336108907203316,0.03515580390564697,2.7575742210051695e-37
analytic_control,D2,3,0.0461082534725942,10119.591933695883,0.04619009562468763,0.04921812546790577,2.6197438066158534e-36
analytic_control,D2,4,0.05814933405643831,12762.303656048945,0.05827492830974273,0.06328044703016455,1.8740633293232758e-35
analytic_control,D2,5,0.06969093474436168,15295.392212371502,0.06986538877549692,0.07734276859242335,1.076244609211804e-34
analytic_control,D2,6,0.0807350941866555,17719.305034684694,0.08096147702195017,0.09140509015468214,5.165735421163748e-34
analytic_control,D2,7,0.09128369514376321,20034.455341142784,0.09156319304910253,0.10546741171694093,2.1302492270748246e-33
analytic_control,D2,8,0.10133846446418021,22241.222131182727,0.10167053685695393,0.11952973327919972,7.699993360695304e-33
analytic_control,D2,9,0.11090097300778316,24339.950168696872,0.11128350844550443,0.1335920548414585,2.47662329606605e-32
analytic_control,D2,10,0.1199726355149538,26330.949953308977,0.12040210781475402,0.1476543764037173,7.171636451050946e-32
analytic_control,D2,11,0.12855471042113303,28214.49767967353,0.12902633496470267,0.1617166979659761,1.8870582439159999e-31
analytic_control,D2,12,0.136648299616896,29990.83518481831,0.13715618989535042,0.17577901952823488,4.545547691452884e-31
analytic_control,D2,13,0.14425434815291238,31660.169883390663,0.14479167260669723,0.18984134109049366,1.0083871904517955e-30
analytic_control,D2,14,0.15137364389051805,33222.67469096685,0.15193278309874314,0.20390366265275248,2.0702153515774517e-30
analytic_control,D2,15,0.1580068170965357,34678.487935125435,0.1585795213714881,0.21796598421501126,3.9485626740286466e-30
analytic_control,D2,16,0.1641543399840703,36027.71325466357,0.16473188742493214,0.23202830577727004,7.018095679149709e-30
analytic_control,D2,17,0.1698165261967357,37270.41948639777,0.17038988125907525,0.24609062733952883,1.1650351754347449e-29
analytic_control,D2,18,0.1749935302380365,38406.64053992775,0.1755535028739175,0.26015294890178764,1.8090371578214212e-29
analytic_control,D2,19,0.17968534684536336,39436.37526024428,0.18022275226945877,0.2742152704640464,2.6292910913862273e-29
analytic_control,D2,20,0.1838918103070537,40359.58727784129,0.18439762944569912,0.2882775920263052,3.575962292082397e-29
analytic_control,D2,21,0.18761259372406364,41176.20484667163,0.18807813440263857,0.302339913588564,4.5442149644918296e-29
analytic_control,D2,22,0.19084720821525103,41886.12066972686,0.19126426714027708,0.3164022351508228,5.378075713512422e-29
analytic_control,D2,23,0.1935950020656349,42489.19171210176,0.19395602765861467,0.33046455671308156,5.89226485189525e-29
analytic_control,D2,24,0.1958551598177179,42985.239001562724,0.1961534159576514,0.3445268782753404,2.3695040112863603e-27
analytic_control,D2,25,0.1976267013063316,43374.04741672072,0.19785643203738715,0.3585891998375992,8.40406416062213e-20
analytic_control,D2,26,0.19890848063490846,43655.36546234903,0.199065075897822,0.37265152139985797,7.184488631125235e-13
analytic_control,D2,27,0.19969918713381724,43828.905479713474,0.1997793475389559,0.38671384296211675,5.434948356622078e-07
