q_ml_min,residence_s,conversion,product_yield,degraded_fraction,selectivity,product_g_h,sty_g_L_h,minimum_current_A,available_current_A,charge_feasible,candidate_FE_at_available_current,energy_kWh_kg_at_assumed_3V,mass_balance_residual
0.1,600.0,0.9998765901959134,0.3473893870478255,0.6524872031480878,0.3474322635954092,0.04168672644573907,41.68672644573907,0.05314295646128634,0.2,True,0.055863300640454465,14.393070676369405,0.0
0.11,545.4545454545455,0.9997203070550811,0.3872668711087425,0.6124534359463385,0.3873752172240365,0.05111922698635401,51.11922698635401,0.05703541031049969,0.2,True,0.06850354990966714,11.73726668754531,-1.1102230246251565e-16
0.12000000000000001,499.99999999999994,0.9994469156298522,0.42383810400149374,0.5756088116283584,0.4240726519570983,0.0610326869762151,61.032686976215096,0.06078790998080664,0.2,True,0.08178832045939044,9.830797720471075,0.0
0.13,461.53846153846155,0.9990152048648832,0.45728067468760897,0.5417345301772742,0.45773144638920304,0.071335785251267,71.335785251267,0.06441922495638265,0.2,True,0.09559523516679853,8.410925847197333,0.0
0.14,428.57142857142856,0.9983852440181794,0.48779779580207244,0.510587448216107,0.488586744169859,0.08195002969474818,81.95002969474818,0.06794374130610999,0.2,True,0.10981910878252278,7.321534869906843,0.0
0.15000000000000002,399.99999999999994,0.9975212478233336,0.5155963983929485,0.48192484943038516,0.5168776098935421,0.09280735171073075,92.80735171073074,0.07137242402358145,0.2,True,0.12436872434704868,6.465005077077593,0.0
0.16,375.0,0.9963934368639843,0.5408769110826912,0.4555165257812931,0.5428346786235659,0.10384836692787672,103.84836692787671,0.0747136079755554,0.2,True,0.13916450240494177,5.777654649270542,0.0
0.17,352.94117647058823,0.994978957246652,0.5638289372720565,0.43115001997459546,0.5666742328222779,0.11502110320349955,115.02110320349955,0.07797363254078386,0.2,True,0.15413679643608957,5.216434056787459,0.0
0.18,333.33333333333337,0.9932620530009145,0.5846298138848153,0.40863223911609925,0.5885957407901468,0.12628003979912011,126.28003979912012,0.08115734182322543,0.2,True,0.16922460527979055,4.751344717300134,0.0
0.19,315.7894736842105,0.9912337144716318,0.6034445130025414,0.38778920146909035,0.6087812633816658,0.13758534896457947,137.58534896457945,0.0842684732288999,0.2,True,0.18437455680129924,4.360929448632402,0.0
0.2,300.0,0.9888910034617577,0.6204261225643665,0.36846488089739127,0.6273958610124615,0.14890226941544796,148.90226941544796,0.0873099555382859,0.2,True,0.19954006830515578,4.029488619316857,0.0
0.21000000000000002,285.71428571428567,0.9862362132669495,0.6357165407015872,0.3505196725653623,0.6445885196161567,0.16020056825679999,160.20056825679998,0.09028413492552681,0.2,True,0.21468062547319552,3.7453050668222714,0.0
0.22,272.72727272727275,0.9832759770115296,0.6494472182265452,0.3338287587849844,0.6604933237567848,0.17145406561180793,171.45406561180792,0.09319294443811112,0.2,True,0.2297611453316606,3.499479571155054,0.0
0.23,260.8695652173913,0.9800203990465478,0.661739880926049,0.31828051812049885,0.6752307212889131,0.18264020713558954,182.64020713558955,0.09603802964149839,0.2,True,0.24475140338809653,3.2851473912015905,0.0
0.24000000000000002,249.99999999999997,0.9764822541439909,0.6727072082961051,0.30377504584788584,0.6889087901406025,0.19373967598927827,193.73967598927825,0.09882084063101657,0.2,True,0.25962551364787084,3.0969392146253236,0.0
0.25,240.0,0.9726762775527075,0.682453464644825,0.29022281290788243,0.7016244565580496,0.2047360393934475,204.7360393934475,0.10154269848094663,0.2,True,0.27436145496958597,2.930602749655432,0.0
0.26,230.76923076923077,0.968618554285743,0.6910750856336109,0.2775434686521321,0.7134646374219086,0.21561542671768666,215.61542671768666,0.1042048424373597,0.2,True,0.28894063968127104,2.7827322429280654,0.0
0.27,222.2222222222222,0.9643260066527476,0.6986612250954257,0.26566478155732187,0.7245072934624407,0.22636623693091792,226.36623693091792,0.10680846273449025,0.2,True,0.30334752154214206,2.650571958675565,0.0
0.28,214.28571428571428,0.9598159735489263,0.7052942666307485,0.2545217069181779,0.7348223889449537,0.23697887358793152,236.9788735879315,0.10935472277865241,0.2,True,0.31756924060493147,2.531871263103835,0.0
0.29000000000000004,206.8965517241379,0.9551058721600805,0.7110503035291568,0.2440555686309237,0.7444727587330562,0.2474455056281466,247.4455056281466,0.11184477355087719,0.2,True,0.3315953026685146,2.4247763097449884,0.0
0.30000000000000004,199.99999999999997,0.950212931632136,0.715999589616664,0.23421334201547206,0.7535148868020826,0.2577598522619991,257.7598522619991,0.11427976238454349,0.2,True,0.34541729100973767,2.327748075329172,0.0
0.31,193.5483870967742,0.9451539882283586,0.7202069628943415,0.22494702533401711,0.7619996020376865,0.267916990196695,267.916990196695,0.11666083773776494,0.2,True,0.35902860805165143,2.2394996284464885,0.0
0.32,187.5,0.939945332104692,0.7237322433411513,0.21621308876354073,0.7699726980085064,0.27791318144300214,277.91318144300214,0.11898915116885993,0.2,True,0.37242424461185936,2.1589476140880905,0.0
0.33,181.8181818181818,0.9346025967701398,0.7266306059642522,0.20797199080588757,0.7774754836712302,0.2877457199618439,287.74571996184386,0.12126585740955954,0.2,True,0.38560057439759754,2.085174368812722,0.0
0.33999999999999997,176.47058823529414,0.9291406833694537,0.7289529300374413,0.20018775333201233,0.7845452718677137,0.29741279545527605,297.41279545527607,0.12349211319272818,0.2,True,0.39855517147555464,2.017398071530605,0.0
0.35,171.42857142857144,0.923573713009232,0.7307461254211817,0.1928275875880503,0.7912158121523725,0.30691337267689633,306.9133726768963,0.12566907531188357,0.2,True,0.4112866485388844,1.954949029319916,0.0
0.36,166.66666666666669,0.9179150013761012,0.7320534368652583,0.1858615645108429,0.7975176740414889,0.3162470847257916,316.2470847257916,0.12779789825504984,0.2,True,0.4237945139131914,1.8972506909280829,0.0
0.37,162.16216216216216,0.9121770508305168,0.7329147272285387,0.17926232360197814,0.8034785862692294,0.3254141388894712,325.4141388894712,0.129879731654856,0.2,True,0.4360790453790893,1.8438043351392104,0.0
0.38,157.89473684210526,0.9063715559866112,0.733366740590592,0.1730048153960192,0.8091237371105512,0.33441523370931003,334.41523370931003,0.13191571772208918,0.2,True,0.44814117903375267,1.794176638859548,0.0
0.39,153.84615384615384,0.9005094195051415,0.7334433462655685,0.167066073239573,0.8144760403157347,0.34325148605228606,343.25148605228605,0.13390698877484036,0.2,True,0.459982411561644,1.7479895189983374,0.0
0.4,150.0,0.8946007754381357,0.7331757647536772,0.16142501068445847,0.819556370711394,0.3519243670817651,351.9243670817651,0.1358546649350968,0.2,True,0.47160471443062363,1.7049117825382005,0.0
0.41000000000000003,146.34146341463415,0.8886550179794318,0.7325927766773302,0.15606224130210156,0.8243837730675891,0.36043564612524653,360.43564612524654,0.13775985203547572,0.2,True,0.48301045867057224,1.6646522241906898,0.0
0.42000000000000004,142.85714285714283,0.8826808339057491,0.7317209157473483,0.15095991815840082,0.8289756474144537,0.36878734153666354,368.7873415366635,0.13962363975794653,0.2,True,0.49420234902523413,1.6269538902824576,0.0
0.43000000000000005,139.53488372093022,0.8766862373493297,0.7305846467905951,0.14610159055873462,0.8333479136156233,0.3769816777439472,376.9816777439472,0.1414471000117377,0.2,True,0.5051833663927716,1.59158928781555,0.0
0.44000000000000006,136.36363636363635,0.870678605836194,0.7292065298458476,0.1414720759903465,0.8375151576689108,0.38502104775860757,385.02104775860755,0.14323128554756012,0.2,True,0.5159567175858283,1.5583563638738407,0.0
0.45000000000000007,133.33333333333331,0.8646647167633872,0.7276073713015799,0.13705734546180726,0.8414907619049841,0.3929079805028533,392.9079805028533,0.14497722879859382,0.2,True,0.5265257915474484,1.5270751162450438,-1.1102230246251565e-16
0.45999999999999996,130.43478260869566,0.8586507836829218,0.7258063630096935,0.13284442067322833,0.8452870209895663,0.40064511238135075,400.64511238135077,0.14668594093445864,0.2,True,0.5368941212551299,1.4975847238812565,0.0
0.47,127.65957446808511,0.8526424919170088,0.7238212102648972,0.1288212816521116,0.8489152454008235,0.408235162589402,408.235162589402,0.14835841111195194,0.2,True,0.5470653506319536,1.4697411075377473,0.0
0.48,125.0,0.8466450331550716,0.7216682494920883,0.12497678366298326,0.8523858538480406,0.4156809117074429,415.68091170744293,0.1499956059051645,0.2,True,0.5570432058616253,1.4434148480271842,0.0
0.49,122.44897959183673,0.8406631387834667,0.7193625564350612,0.12130058234840546,0.8557084559173833,0.42298518318381595,422.98518318381593,0.15159846889730627,0.2,True,0.5668314705740212,1.4184894030655895,0.0
0.5,120.0,0.8347011117784134,0.7169180455903466,0.11778306618806689,0.8588919260726533,0.43015082735420795,430.15082735420793,0.15316792041690175,0.2,True,0.5764339644300491,1.3948595744671897,0.0
0.51,117.6470588235294,0.8287628570552118,0.7143475615808192,0.11441529547439255,0.8619444700008192,0.4371807076874614,437.1807076874614,0.15470485740174975,0.2,True,0.5858545246900188,1.3724301860752224,0.0
0.52,115.38461538461539,0.8228519102156135,0.7116629631156518,0.11118894709996174,0.8648736841714001,0.4440776889841669,444.07768898416685,0.1562101533750209,0.2,True,0.5950969903988805,1.351114939758643,0.0
0.53,113.20754716981132,0.8169714646728448,0.7088752001366886,0.10809626453615617,0.8676866093732623,0.45084462728693403,450.84462728693404,0.15768465851899693,0.2,True,0.6041651888652421,1.330835422417351,0.0
0.54,111.1111111111111,0.8111243971624381,0.7059943847068226,0.10513001245561548,0.8703897789002618,0.457484361290021,457.484361290021,0.1591291998331424,0.2,True,0.6130629241496355,1.3115202414965865,0.0
0.55,109.09090909090908,0.8053132916684898,0.7030298561536339,0.10228343551485586,0.8729892619766156,0.4639997050613984,463.9997050613984,0.16054458136440192,0.2,True,0.6217939673115427,1.2931042702292355,0.0
0.56,107.14285714285714,0.7995404618106845,0.6999902409416237,0.09955022086906085,0.8754907029425205,0.47039344191277116,470.39344191277115,0.16193158449879186,0.2,True,0.630362048194773,1.2755279868703249,0.0
0.5700000000000001,105.26315789473684,0.7938079717485911,0.6968835077088668,0.09692446403972432,0.8778993566589912,0.47666831927286507,476.66831927286506,0.1632909683044752,0.2,True,0.6387708485572857,1.2587368946928794,0.0
0.58,103.44827586206897,0.7881176556673031,0.6937170178688549,0.0944006377984482,0.8802201205370552,0.482827044436723,482.827044436723,0.1646234699175694,0.2,True,0.6470239963749337,1.2426810115824678,0.0
0.59,101.69491525423729,0.7824711359132503,0.690497572145659,0.09197356376759136,0.8824575635492986,0.48887228107912656,488.87228107912654,0.16592980496291668,0.2,True,0.6551250611691878,1.227314419781732,0.0
0.6,100.0,0.7768698398515702,0.6872314533802524,0.08963838647131783,0.8846159525404612,0.49480664643378164,494.8066464337816,0.16721066800295195,0.2,True,0.6630775502270394,1.2125948677617373,0.0
0.61,98.36065573770492,0.7713150155173031,0.6839244659177953,0.08739054959950776,0.8866992761175576,0.5006327090518262,500.6327090518262,0.1684667330086285,0.2,True,0.670884905597233,1.1984834173867118,0.0
0.62,96.7741935483871,0.7658077461322825,0.6805819718598082,0.08522577427247435,0.8887112663682135,0.5063529870636972,506.35298706369724,0.1696986538471119,0.2,True,0.6785505017610401,1.1849441305350144,0.0
0.63,95.23809523809524,0.7603489635582242,0.6772089244413028,0.08314003911692147,0.8906554186279825,0.511969946877625,511.969946877625,0.17090706478162593,0.2,True,0.6860776438881444,1.1719437901760605,0.0
0.64,93.75,0.7549394607544742,0.6738098987710092,0.08112956198346499,0.8925350094928335,0.5174860022561351,517.4860022561351,0.17209258097944297,0.2,True,0.693469566599087,1.159451651608199,0.0
0.65,92.3076923076923,0.7495799033063207,0.670389120152686,0.0791907831536347,0.8943531132513929,0.5229035137190952,522.9035137190951,0.1732557990245533,0.2,True,0.7007294331653038,1.1474392201585422,0.0
0.66,90.9090909090909,0.7442708400868994,0.6669504901870154,0.07732034989988401,0.8961126168924524,0.5282247882281161,528.2247882281162,0.1743972974320298,0.2,True,0.7078603350862008,1.1358800521509935,0.0
0.67,89.55223880597015,0.7390127131126252,0.6634976108366428,0.07551510227598235,0.8978162338264486,0.5334520791126608,533.4520791126607,0.1755176371615369,0.2,True,0.7148652919901334,1.124749576378134,0.0
0.6799999999999999,88.23529411764707,0.733805866648894,0.6600338066214161,0.07377206002747794,0.8994665164447699,0.5385875862030755,538.5875862030755,0.17661736212780837,0.2,True,0.7217472518126786,1.1140249336786032,0.0
0.69,86.95652173913044,0.7286505556195534,0.6565621450966748,0.07208841052287862,0.9010658676276124,0.5436334561400468,543.6334561400467,0.17769699970625938,0.2,True,0.7285090912113314,1.103684832534355,0.0
0.7,85.71428571428572,0.7235469533704357,0.6530854557544697,0.07046149761596598,0.9026165512994819,0.5485917828337546,548.5917828337547,0.17875706123218935,0.2,True,0.7351536161808018,1.0937094188700676,0.0
0.71,84.50704225352113,0.7184951588340915,0.6496063474757221,0.06888881135836944,0.9041207021211445,0.5534646080493151,553.4646080493151,0.17979804249229497,0.2,True,0.7416835628375529,1.0840801584670408,0.0
0.72,83.33333333333334,0.7134952031398099,0.6461272246504891,0.06736797848932075,0.9055803343976793,0.5582539220980226,558.2539220980226,0.18082042420743974,0.2,True,0.7481015983461156,1.0747797306019597,-1.1102230246251565e-16
0.73,82.19178082191782,0.7085470557100684,0.6426503020736012,0.06589675363646719,0.9069973502741763,0.5629616646164747,562.9616646164746,0.18182467250582424,0.2,True,0.7544103219631751,1.065791931691758,0.0
0.74,81.08108108108108,0.7036506298817506,0.639177618713886,0.06447301116786464,0.908373547283402,0.5675897254179307,567.5897254179307,0.18281123938587632,0.2,True,0.7606122661784537,1.0571015878735381,0.0
0.75,80.0,0.6988057880877978,0.6357110504469337,0.06309473764086415,0.9097106253033255,0.5721399454022402,572.1399454022402,0.1837805631683314,0.2,True,0.766709897934081,1.048694475576553,0.0
0.76,78.94736842105263,0.6940123466324355,0.6322523218338124,0.06176002479862308,0.9110101929766783,0.576614117512437,576.6141175124369,0.18473306893710242,0.2,True,0.7727056199065025,1.0405572492544093,-1.1102230246251565e-16
0.77,77.92207792207792,0.689270080090737,0.6288030170212474,0.06046706306948957,0.9122737736396022,0.5810139877276327,581.0139877276326,0.18566916896865376,0.2,True,0.778601771837031,1.0326773755424072,0.0
0.78,76.92307692307692,0.6845787253610522,0.6253645898324925,0.0592141355285597,0.9135028108018844,0.5853412560832131,585.341256083213,0.18658926314968985,0.2,True,0.784400631898983,1.025043073189263,-1.1102230246251565e-16
0.79,75.94936708860759,0.6799379853967362,0.6219383731123644,0.05799961228437178,0.914698673217191,0.5895975777105216,589.5975777105216,0.18749373938305453,0.2,True,0.790104418090933,1.0176432581861554,0.0
0.8,75.0,0.6753475326416503,0.6185255873846632,0.05682194525698703,0.9158626595780611,0.5937845638892767,593.7845638892767,0.18838297398180542,0.2,True,0.795715289647031,1.010467493580521,0.0
0.8099999999999999,74.07407407407408,0.6708070121920944,0.6151273488754075,0.055679663316686834,0.9169960028671521,0.5979037831068961,597.9037831068961,0.18925733205149245,0.2,True,0.8012353484565738,1.0035059435185565,-1.1102230246251565e-16
0.82,73.17073170731707,0.6663160447061199,0.6117446769509179,0.054571367755201994,0.9180998743932831,0.6019567621197034,601.9567621197034,0.19011716786071875,0.2,True,0.8066666404861029,0.9967493311100737,0.0
0.83,72.28915662650603,0.6618742290795985,0.6083785010157846,0.05349572806381386,0.9191753875381959,0.6059449870117215,605.9449870117215,0.19096282520010474,0.2,True,0.8120111571982643,0.9901888997530294,-1.1102230246251565e-16
0.84,71.42857142857143,0.6574811449069544,0.60502966691208,0.052451477994874374,0.9202236012375729,0.6098699042473765,609.8699042473766,0.19179463772981586,0.2,True,0.8172708369625101,0.9838163775935843,0.0
0.85,70.58823529411765,0.6531363547431077,0.6016989428578369,0.051437411885270845,0.9212455232177326,0.6137329217149936,613.7329217149936,0.19261292931583904,0.2,True,0.82244756645346,0.9776239448315421,0.0
0.86,69.76744186046511,0.6488394061819147,0.5983870249597302,0.05045238122218454,0.9222421130074839,0.6175354097584417,617.5354097584417,0.19341801435522246,0.2,True,0.8275431820333823,0.971604203611092,0.0
0.87,68.96551724137932,0.6445898337652254,0.5950945423321088,0.049495291433116595,0.9232142847429022,0.6212787021947217,621.2787021947216,0.19421019809051007,0.2,True,0.8325594711158374,0.9657501502633958,0.0
0.88,68.18181818181819,0.6403871607355962,0.5918220618519462,0.048565098883650015,0.9241629097812258,0.6249640973156552,624.9640973156552,0.19498977691361652,0.2,True,0.8374981735080139,0.9600551496911889,-1.1102230246251565e-16
0.89,67.41573033707866,0.6362309006447016,0.5885700925769283,0.047660808067773286,0.9250888191386525,0.6285928588721595,628.5928588721596,0.19575703865940441,0.2,True,0.8423609827297305,0.9545129117065351,-1.1102230246251565e-16
0.9,66.66666666666667,0.6321205588285577,0.5853390898517368,0.046781468976820895,0.9259928057655393,0.6321662170398757,632.1662170398757,0.1965122628892303,0.2,True,0.8471495473074503,0.9491174691515559,0.0
0.91,65.93406593406593,0.6280556337598274,0.5821294591256222,0.04592617463420523,0.9268756266713664,0.6356853693651795,635.6853693651794,0.19725572116473392,0.2,True,0.851865472042003,0.9438631576485452,0.0
0.92,65.21739130434783,0.6240356182866811,0.5789415595025347,0.04509405878414641,0.9277380049107545,0.6391514816907983,639.1514816907983,0.19798767731214992,0.2,True,0.8565103192489831,0.9387445968407557,0.0
0.93,64.51612903225806,0.6200600007669609,0.5757757070434306,0.044284293723530266,0.9285806314409019,0.6425656890604686,642.5656890604686,0.19870838767742063,0.2,True,0.8610856099710552,0.9337566729983572,0.0
0.94,63.829787234042556,0.6161282661057326,0.5726321778388472,0.043496088266885335,0.9294041668599229,0.6459290966022196,645.9290966022196,0.19941810137239221,0.2,True,0.8655928251616213,0.9288945228759312,0.0
0.95,63.15789473684211,0.6122398967036751,0.5695112108684324,0.0427286858352427,0.9302092430348043,0.6492427803900129,649.242780390013,0.20011706051237155,0.2,False,0.8700334068394808,0.9241535187184805,0.0
0.96,62.5,0.608394373323201,0.5664130106628421,0.0419813626603589,0.9309964646269717,0.6525077882835941,652.5077882835941,0.20080550044532228,0.2,False,0.8744087592142947,0.9195292543224434,0.0
0.97,61.855670103092784,0.6045911758786626,0.5633377497822295,0.04125342609643312,0.9317664105228152,0.6557251407465151,655.7251407465151,0.20148364997297344,0.2,False,0.8787202497827953,0.9150175320667523,-1.1102230246251565e-16
0.98,61.224489795918366,0.6008297841565163,0.5602855711244714,0.04054421303204492,0.9325196351759367,0.6588958316423784,658.8958316423784,0.2021517315641096,0.2,False,0.8829692103958123,0.9106143508366517,0.0
0.99,60.60606060606061,0.5971096784708669,0.5572565900752775,0.03985308839558943,0.9332566698673368,0.6620208290094297,662.0208290094297,0.20280996156030784,0.2,False,0.8871569382962857,0.9063158947699118,0.0
1.0,60.0,0.5934303402594008,0.5542508965114135,0.03917944374798732,0.9339780238892721,0.6651010758136962,665.1010758136962,0.20345855037438104,0.2,False,0.8912846971285247,0.9021185227612957,0.0
1.01,59.40594059405941,0.5897912526243314,0.5512685566674244,0.03852269595690705,0.9346841856580668,0.6681374906809183,668.1374906809183,0.204097702681781,0.2,False,0.895353717919053,0.8980187586667568,0.0
1.02,58.8235294117647,0.58619190082263,0.548309614875468,0.03788228594716192,0.9353756237607515,0.6711309686075729,671.1309686075729,0.20472761760520777,0.2,False,0.8993652000294301,0.8940132821539264,0.0
1.03,58.252427184466015,0.5826317727094887,0.5453740951871556,0.03725767752233311,0.9360527879400246,0.6740823816513245,674.0823816513245,0.20534848889266868,0.2,False,0.9033203120815089,0.8900989201500238,0.0
1.04,57.69230769230769,0.5791103591386615,0.542462002885636,0.03664835625302554,0.9367161100216989,0.6769925796012739,676.9925796012739,0.2059605050892185,0.2,False,0.9072201928556171,0.886272638842482,0.0
1.05,57.14285714285714,0.57562715432305,0.5395733258955513,0.03605382842749871,0.9373660047884662,0.6798623906283948,679.8623906283948,0.20656384970261144,0.2,False,0.9110659521621923,0.8825315361913488,0.0
1.06,56.60377358490566,0.5721816561586504,0.5367080360979404,0.035473620060709976,0.938002870803544,0.6826926219165802,682.6926219165802,0.20715870136308345,0.2,False,0.9148586716874281,0.8788728349159096,0.0
1.07,56.074766355140184,0.5687733665147339,0.5338660905566391,0.03490727595809473,0.9386270911874871,0.6854840602747246,685.4840602747246,0.20774523397748088,0.2,False,0.9185994058135127,0.8752938759211051,-1.1102230246251565e-16
1.08,55.55555555555555,0.5654017914929217,0.5310474326622595,0.03435435883066218,0.9392390343512163,0.6882374727302883,688.2374727302883,0.20832361687794113,0.2,False,0.9222891824140461,0.871792112132105,-1.1102230246251565e-16
1.09,55.04587155963302,0.56206644165761,0.5282519931993858,0.03381444845822423,0.9398390546880884,0.6909536071047966,690.9536071047966,0.2088940149653279,0.2,False,0.925929003625254,0.8683651027079716,-1.1102230246251565e-16
1.1,54.54545454545454,0.5587668322400159,0.525479691342221,0.03328714089779494,0.9404274932276284,0.6936331925717317,693.6331925717317,0.20945658884761323,0.2,False,0.9295198465936034,0.8650105076076667,-1.1102230246251565e-16
1.11,54.05405405405405,0.5555024833179434,0.5227304355835424,0.03277204773440101,0.9410046782533574,0.6962769401972786,696.2769401972786,0.21001149497339405,0.2,False,0.9330626642004417,0.8617260824837887,-1.1102230246251565e-16
1.12,53.57142857142857,0.5522729199732102,0.5200041246014783,0.032268795371731884,0.9415709258869741,0.6988855434643869,698.885543464387,0.21055888576072465,0.2,False,0.9365583857642786,0.8585096738813489,0.0
1.1300000000000001,53.09734513274336,0.549077672428528,0.5173006480682969,0.03177702436023111,0.942126540640992,0.7014596787806108,701.4596787806107,0.21109890972143874,0.2,False,0.9400079177213297,0.8553592147206749,0.0
1.1400000000000001,52.63157894736842,0.5459162761654972,0.5146198874051037,0.031296388760393534,0.9426718159417803,0.7040000059701821,704.0000059701821,0.21163171158113045,0.2,False,0.9434121442849304,0.8522727200451373,-1.1102230246251565e-16
1.1500000000000001,52.17391304347826,0.5427882720252457,0.5119617164860687,0.030826555539177014,0.943207034624832,0.7065071687507749,706.5071687507749,0.21215743239495452,0.2,False,0.9467719280844362,0.8492482830158714,0.0
1.1600000000000001,51.72413793103448,0.5396932062931321,0.5093260022955505,0.030367203997581638,0.9437324694039454,0.7089817951954064,708.9817951954063,0.21267620965940356,0.2,False,0.9500881107842027,0.846284071137018,-1.1102230246251565e-16
1.1700000000000002,51.28205128205128,0.5366306307688247,0.5067126055412515,0.029918025227573142,0.9442483833158948,0.7114244981799174,711.4244981799174,0.21318817742021312,0.2,False,0.9533615136832452,0.84337832269625,0.0
1.1800000000000002,50.84745762711864,0.5336001028229641,0.5041213812263174,0.029478721596646662,0.9447550301420632,0.7138358758164656,713.8358758164655,0.21369346637653697,0.2,False,0.9565929382961497,0.8405293434064753,0.0
1.1900000000000002,50.42016806722688,0.5306011854415362,0.5015521791830977,0.029049006258438537,0.9452526548084027,0.7162165118734636,716.2165118734636,0.21419220398153516,0.2,False,0.9597831669158202,0.8377355032356532,0.0
1.2000000000000002,49.99999999999999,0.5276334472589852,0.4990048445710903,0.02862860268789491,0.9457414937650024,0.7185669761823702,718.5669761823702,0.21468451453950707,0.2,False,0.9629329631586127,0.8349952334126218,-1.1102230246251565e-16
1.2100000000000002,49.58677685950413,0.5246964625810302,0.49647921834142755,0.028217244239602646,0.9462217753464557,0.720887825031753,720.887825031753,0.21517051929969927,0.2,False,0.9660430724924044,0.832307023597703,0.0
1.2200000000000002,49.18032786885245,0.5217898113980663,0.493975137670095,0.027814673727971362,0.9466937201141478,0.7231796015490193,723.1796015490193,0.21565033654691132,0.2,False,0.9691142227481444,0.8296694192076576,0.0
1.2300000000000002,48.78048780487804,0.5189130793899739,0.49149243636192513,0.027420643028048752,0.9471575411814942,0.7254428360702017,725.4428360702017,0.21612408168902114,0.2,False,0.9721471246153904,0.8270810188853222,0.0
1.2400000000000002,48.38709677419354,0.5160658579230872,0.48903094522727375,0.027034912695813484,0.9476134445231161,0.7276780464981835,727.6780464981834,0.2165918673415427,0.2,False,0.9751424721223617,0.8245404721049227,0.0
1.2500000000000002,47.99999999999999,0.5132477440400283,0.4865904924331552,0.026657251606873045,0.9480616292688584,0.7298857386497329,729.885738649733,0.21705380340932687,0.2,False,0.9781009431009864,0.8220464769047033,0.0
1.26,47.61904761904762,0.5104583404430469,0.48417090383049227,0.02628743661255467,0.9485022879835037,0.7320664065917044,732.0664065917044,0.21750999716551228,0.2,False,0.9810231996374382,0.8195977777390874,0.0
1.27,47.24409448818898,0.5076972554714687,0.48177200325902914,0.025925252212439576,0.9489356069329855,0.7342205329667605,734.2205329667605,0.21796055332782743,0.2,False,0.9839098885086291,0.8171931634431192,0.0
1.28,46.875,0.5049641030738015,0.4793936128313488,0.02557049024245267,0.9493617663378431,0.7363485893089519,736.3485893089519,0.21840557413234313,0.2,False,0.9867616416051068,0.814831465302443,0.0
1.29,46.51162790697674,0.5022585027750097,0.4770355531973441,0.025222949577665632,0.9497809406146293,0.7384510363494887,738.4510363494887,0.21884515940476776,0.2,False,0.9895790763408141,0.8125115552225137,0.0
1.3,46.15384615384615,0.49958007963942996,0.4746976437903992,0.02488243584903077,0.950193298605922,0.7405283243130228,740.5283243130228,0.21927940662937745,0.2,False,0.9923627960501261,0.8102323439911784,0.0
1.31,45.80152671755725,0.4969284642297602,0.47237970305645577,0.024548761173304456,0.9505990037995609,0.7425808932047485,742.5808932047485,0.2197084110156678,0.2,False,0.995113390372589,0.8079927796291477,0.0
1.32,45.45454545454545,0.4943032925625275,0.4700815486670652,0.024221743895462278,0.9509982145376903,0.7446091730886313,744.6091730886312,0.22013226556281074,0.2,False,0.9978314356257661,0.8057918458232339,0.0
1.33,45.11278195488722,0.4917042060604022,0.4678029977174487,0.023901208342953506,0.9513910842161529,0.746613584357048,746.613584357048,0.22055106112199582,0.2,False,1.0005174951665752,0.8036285604375851,0.0
1.34,44.776119402985074,0.4891308515017032,0.465543866910527,0.023586984591176197,0.951777761474745,0.7485945379921275,748.5945379921275,0.22096488645673582,0.2,False,1.0031721197415053,0.8015019740984403,0.0
1.35,44.44444444444444,0.486582880967408,0.46330397272781426,0.02327890823959372,0.9521583903788161,0.7505524358190592,750.5524358190592,0.22137382830120747,0.2,False,1.0057958478260682,0.7994111688482298,0.0
1.36,44.11764705882353,0.48405995178595995,0.46108313158801767,0.022976820197942283,0.9525331105926687,0.7524876707516449,752.4876707516449,0.22177797141670183,0.2,False,1.0083892059538564,0.797355256865102,0.0
1.37,43.7956204379562,0.4815617264761409,0.45888115999412277,0.02268056648201816,0.9529020575451776,0.7544006270303381,754.400627030338,0.22217739864625038,0.2,False,1.0109527090355335,0.7953333792442238,0.0
1.3800000000000001,43.47826086956521,0.4790878726882559,0.45669787466970274,0.02238999801855318,0.9532653625880394,0.7562916804530279,756.2916804530279,0.22257219096749375,0.2,False,1.0134868606681013,0.7933447048374151,0.0
1.3900000000000001,43.165467625899275,0.4766380631438575,0.4545330926851334,0.02210497045872406,0.9536231531470192,0.7581611985988027,758.1611985988027,0.22296242754385723,0.2,False,1.0159921534347605,0.7913884291479061,0.0
1.4000000000000001,42.857142857142854,0.47421197557422023,0.452386631574361,0.021825343999859248,0.9539755528665612,0.7600095410449267,760.0095410449267,0.22334818577409168,0.2,False,1.0184690691956737,0.7894637732771991,0.0
1.4100000000000001,42.5531914893617,0.4718092926577572,0.4502583094428215,0.02155098321493565,0.9543226817480926,0.7618370595772541,761.8370595772541,0.22372954134024056,0.2,False,1.020918079369939,0.7875699829212064,0.0
1.4200000000000002,42.25352112676056,0.4694297019565564,0.44814794506707656,0.021281756889479864,0.9546646562823385,0.7636440983942986,763.6440983942986,0.22410656825408778,0.2,False,1.0233396452090535,0.7857063274130054,0.0
1.4300000000000002,41.95804195804195,0.467072895852199,0.44605535798669027,0.02101753786550875,0.9550015895759458,0.7654309943051606,765.4309943051605,0.22447933890214158,0.2,False,1.025734218062156,0.783872098809724,0.0
1.4400000000000002,41.666666666666664,0.4647385714810097,0.4439803685888458,0.0207582028921639,0.9553335914727015,0.7671980769215256,767.1980769215256,0.22484792408920498,0.2,False,1.0281022396333155,0.7820666110212008,0.0
1.4500000000000002,41.37931034482758,0.46242643066887623,0.44192279818616076,0.020503632482715473,0.9556607686696065,0.7689456688439198,768.9456688439197,0.22521239308058388,0.2,False,1.0304441422311268,0.7802891989782282,0.0
1.4600000000000002,41.0958904109589,0.46013617986576305,0.439882469088136,0.020253710777627054,0.9559832248280591,0.7706740858424145,770.6740858424145,0.2255728136429809,0.2,False,1.0327603490108717,0.7785392178382998,0.0
1.4700000000000002,40.81632653061224,0.4578675300800348,0.43785920466664585,0.020008325413388928,0.9563010606803861,0.7723836370319634,772.3836370319634,0.22592925208411938,0.2,False,1.0350512742094793,0.7768160422269152,0.0
1.4800000000000002,40.54054054054053,0.4556201968126945,0.435852829415848,0.01976736739684648,0.9566143741319421,0.7740746250425463,774.0746250425462,0.2262817732911453,0.2,False,1.037317323373535,0.775119065512607,0.0
1.4900000000000002,40.26845637583892,0.4533938999916324,0.433863169006873,0.01953073098475938,0.9569232603589951,0.775747346184289,775.747346184289,0.22663044076784522,0.2,False,1.0395588935805522,0.7734476991139616,0.0
1.5000000000000002,39.99999999999999,0.4511883639059735,0.4318900503376261,0.01929831356834738,0.9572278119025935,0.7774020906077271,777.4020906077271,0.22697531667072596,0.2,False,1.0417763736537347,0.7718013718370058,0.0
1.51,39.735099337748345,0.4490033171406034,0.4299333015780169,0.019070015562586473,0.9575281187586087,0.7790391424593667,779.0391424593666,0.2273164618439921,0.2,False,1.0439701443704443,0.7701795292414271,0.0
1.52,39.473684210526315,0.44683849251094443,0.4279927522109092,0.01884574030003522,0.9578242684641283,0.7806587800326985,780.6587800326985,0.22765393585346153,0.2,False,1.0461405786645683,0.7685816330341774,0.0
1.53,39.21568627450981,0.4446936269980495,0.42606823306907055,0.01862539392897894,0.9581163461803768,0.7822612759148136,782.2612759148136,0.22798779701945368,0.2,False,1.0482880418229967,0.767007160489098,0.0
1.54,38.96103896103896,0.44256846168407094,0.4241595763683764,0.018408885315694512,0.9584044347723183,0.7838468971287599,783.8468971287599,0.2283181024486868,0.2,False,1.0504128916763869,0.7654556038912789,0.0
1.55,38.70967741935484,0.440462741688162,0.42226661573751667,0.018196125950645348,0.9586886148850978,0.7854159052717811,785.4159052717811,0.2286449080652195,0.2,False,1.05251547878442,0.7639264700049324,0.0
1.56,38.46153846153846,0.4383762161028544,0.42038918624442745,0.01798702985842693,0.9589689650174664,0.7869685566495681,786.9685566495681,0.2289682686404645,0.2,False,1.0545961466157032,0.7624192795636384,0.0
1.57,38.216560509554135,0.43630863793096164,0.41852712441966744,0.0177815135112942,0.9592455615923244,0.7885051024066536,788.5051024066536,0.22928823782231214,0.2,False,1.056655231722508,0.760933566781872,0.0
1.58,37.974683544303794,0.4342597640230422,0.4166802682769352,0.01757949574610701,0.9595184790245171,0.7900257886530692,790.0257886530692,0.2296048681633883,0.2,False,1.0586930639105043,0.759468878886792,0.0
1.59,37.73584905660377,0.43222935501546067,0.414848457330918,0.01738089768454265,0.9597877897860015,0.7915308565873916,791.5308565873917,0.22991821114847982,0.2,False,1.0607099664036468,0.7580247756693173,0.0
1.6,37.5,0.430217175269077,0.41303153261264985,0.017185642656427136,0.9600535644685072,0.7930205426162878,793.0205426162878,0.23022831722115286,0.2,False,1.062706256004377,0.7566008290535761,0.0
1.61,37.267080745341616,0.4282229928085908,0.41122933668254236,0.016993656126048418,0.9603158718437982,0.794495078470672,794.495078470672,0.23053523580959165,0.2,False,1.064682243249281,0.7551966226838603,0.0
1.62,37.03703703703704,0.42624657926256726,0.4094417136412472,0.016804865621320053,0.9605747789216432,0.7959546913185847,795.9546913185847,0.23083901535168586,0.2,False,1.0666382325603574,0.7538117515282629,0.0
1.6300000000000001,36.809815950920246,0.42428770980416164,0.4076685091384935,0.016619200665668132,0.960830351005597,0.7973996038748935,797.3996038748935,0.23113970331938657,0.2,False,1.0685745223920213,0.7524458214982208,0.0
1.6400000000000001,36.58536585365854,0.42234616309256623,0.4059095703800404,0.016436592712525844,0.9610826517466825,0.7988300345079197,798.8300345079197,0.2314373462423613,0.2,False,1.0704914053739956,0.7510984490832282,0.0
1.6500000000000001,36.36363636363636,0.4204217212151905,0.4041647461328723,0.016256975082318215,0.9613317431950734,0.8002461973430873,800.2461973430873,0.23173198973096568,0.2,False,1.0723891684502063,0.7497692610000167,0.0
1.6600000000000001,36.14457831325301,0.4185141696305906,0.40243388672875624,0.016080282901834386,0.9615776858498531,0.8016483023636827,801.6483023636827,0.23202367849855673,0.2,False,1.0742680930138069,0.7484578938555513,0.0
1.6700000000000002,35.928143712574844,0.41662329711216006,0.4007168440662805,0.015906453045879565,0.9618205387069428,0.8030365555088262,803.0365555088263,0.2323124563831702,0.2,False,1.0761284550384709,0.7471639938231995,0.0
1.6800000000000002,35.71428571428571,0.41474889569258766,0.3990134716114736,0.015735424081114058,0.962060359305267,0.8044111587687308,804.4111587687308,0.23259836636858025,0.2,False,1.0779705252060423,0.745887216331494,0.0
1.6900000000000002,35.50295857988165,0.41289076060909347,0.39732362439711116,0.015567136211982302,0.9622972037712402,0.8057723102773415,805.7723102773415,0.23288145060476254,0.2,False,1.0797945690306805,0.7446272257649112,0.0
1.7000000000000002,35.29411764705882,0.41104869024944646,0.39564715902079967,0.015401531228646792,0.962531126861637,0.8071202044024314,807.1202044024313,0.23316175042778123,0.2,False,1.0816008469795957,0.7433836951761391,0.0
1.7100000000000002,35.08771929824561,0.4092224860987682,0.39398393364192846,0.015238552456839749,0.9627621820049208,0.8084550318332374,808.4550318332374,0.2334393063791164,0.2,False,1.083389614590487,0.7421563060093167,0.0
1.7200000000000002,34.883720930232556,0.4074119526871257,0.3923338079775711,0.015078144709554597,0.9629904213410893,0.8097769796657069,809.7769796657069,0.23371415822445119,0.2,False,1.085161122585781,0.7409447478337712,0.0
1.7300000000000002,34.682080924855484,0.40561689753791375,0.3906966432974145,0.014920254240499253,0.9632158957601005,0.8110862314854327,811.0862314854327,0.2339863449719351,0.2,False,1.0869156169837662,0.7397487180877835,0.0
1.7400000000000002,34.48275862068965,0.4038371311170288,0.3890723024177903,0.014764828699238508,0.9634386549389393,0.8123829674483463,812.3829674483462,0.23425590488994166,0.2,False,1.088653339206734,0.7385679218319529,0.0
1.7500000000000002,34.285714285714285,0.4020724667828306,0.38746064969487504,0.014611817087955559,0.9636587473773782,0.8136673643592378,813.6673643592378,0.2345228755243335,0.2,False,1.090374526186196,0.7374020715117404,0.0
1.7600000000000002,34.090909090909086,0.4003227207368919,0.3858615510171243,0.014461169719767575,0.9638762204324844,0.8149395957481667,814.9395957481667,0.23478729371525414,0.2,False,1.0920794104652836,0.7362508867288032,0.0
1.77,33.898305084745765,0.39858771197553267,0.3842748737970026,0.014312838178530074,0.9640911203519272,0.8161998319448336,816.1998319448336,0.2350491956134583,0.2,False,1.0937682202984094,0.735114094020732,0.0
1.78,33.70786516853933,0.3968672622421343,0.38270048696206294,0.014166775280071375,0.9643034923061302,0.8174482401509666,817.4482401509666,0.2353086166961971,0.2,False,1.0954411797482713,0.7339914266488504,0.0
1.79,33.5195530726257,0.39516119598023003,0.3811382609454323,0.014022935034797734,0.964513380419318,0.8186849845107886,818.6849845107886,0.2355655917826707,0.2,False,1.0970985087802847,0.7328826243937215,0.0
1.8,33.333333333333336,0.3934693402873666,0.3795880676757512,0.01388127261161537,0.9647208277994994,0.8199102261796227,819.9102261796227,0.23582015504906298,0.2,False,1.0987404233545168,0.7317874333580447,0.0
1.81,33.149171270718234,0.391791524869731,0.3780497805666144,0.013741744303116588,0.9649258765674279,0.8211241233906867,821.1241233906867,0.23607234004317112,0.2,False,1.100367135515198,0.7307056057766349,0.0
1.82,32.967032967032964,0.3901275819975357,0.3765232745055574,0.013604307491978329,0.9651285678845843,0.8223268315201374,822.3268315201374,0.23632217969864083,0.2,False,1.1019788534778854,0.7296368998331865,0.0
1.83,32.78688524590164,0.38847734646115584,0.375008425842629,0.013468920618526836,0.965328941980215,0.8235185031504135,823.5185031504135,0.23656970634882218,0.2,False,1.1035757817143457,0.7285810794835433,0.0
1.84,32.608695652173914,0.3868406555280113,0.3735051123785892,0.013335543149422091,0.9655270381774635,0.8246992881319251,824.6992881319251,0.2368149517402558,0.2,False,1.1051581210352273,0.7275379142852123,0.0
1.85,32.43243243243243,0.3852173489001852,0.37201321335276843,0.013204135547416784,0.9657228949186343,0.825869333643146,825.869333643146,0.23705794704580016,0.2,False,1.1067260686705838,0.7265071792328556,0.0
1.86,32.25806451612903,0.38360726867277295,0.37053260943062305,0.0130746592421499,0.9659165497896158,0.8270287842491508,827.0287842491508,0.23729872287741408,0.2,False,1.1082798183483213,0.7254886545995285,0.0
1.87,32.0855614973262,0.38201025929294896,0.36906318269101607,0.012947076601932894,0.9661080395435028,0.8281777819586401,828.1777819586401,0.2375373092985997,0.2,False,1.1098195603706158,0.7244821257834282,0.0
1.8800000000000001,31.914893617021274,0.3804261675197479,0.3676048166132559,0.012821350906492002,0.966297400123438,0.8293164662795054,829.3164662795053,0.2377737358365219,0.2,False,1.111345481688373,0.7234873831599304,0.0
1.8900000000000001,31.746031746031743,0.37885484238454836,0.3661573960639211,0.012697446320627248,0.9664846666847168,0.8304449742729734,830.4449742729734,0.2380080314938095,0.2,False,1.112857765973787,0.7225042219387021,0.0
1.9000000000000001,31.57894736842105,0.3772961351522499,0.3647208072834934,0.012575327868756536,0.9666698736161662,0.831563440606365,831.563440606365,0.23824022476005008,0.2,False,1.114356593691042,0.7215324420256957,0.0
1.9100000000000001,31.413612565445025,0.3757498992831354,0.3632949378728283,0.012454961410307108,0.9668530545608423,0.8326719976045225,832.6719976045225,0.23847034362298608,0.2,False,1.1158421421652251,0.7205718478898218,0.0
1.9200000000000002,31.249999999999996,0.37421599039540887,0.36187967677948235,0.01233631361592652,0.9670342424360553,0.8337707752999274,833.7707752999273,0.23869841557942337,0.2,False,1.1173145856494913,0.7196222484341283,0.0
1.9300000000000002,31.0880829015544,0.3726942662283994,0.36047491428392114,0.012219351944478263,0.967213469452761,0.8348599014815614,834.8599014815615,0.23892446764585826,0.2,False,1.1187740953905407,0.7186834568712983,0.0
1.9400000000000002,30.92783505154639,0.3711845866064212,0.3590805419856262,0.012104044620794951,0.9673907671343335,0.835939501742538,835.9395017425379,0.2391485263688321,0.2,False,1.1202208396924458,0.7177552906033082,0.0
1.9500000000000002,30.769230769230766,0.36968681340328013,0.3576964527891199,0.011990360614160256,0.9675661663347447,0.8370096995265407,837.0096995265407,0.2393706178350226,0.2,False,1.1216549839788845,0.7168375711050822,0.0
1.9600000000000002,30.61224489795918,0.3682008105074178,0.35632254088992593,0.011878269617491888,0.9677396972561727,0.8380706161731061,838.070616173106,0.23959076768107793,0.2,False,1.1230766908538217,0.7159301238119871,0.0
1.9700000000000002,30.45685279187817,0.3667264437876827,0.3549587017604824,0.011767742027200323,0.9679113894660586,0.8391223709617807,839.1223709617807,0.23980900110320288,0.2,False,1.1244861201606842,0.7150327780110253,0.0
1.9800000000000002,30.3030303030303,0.3652635810597181,0.3536048321360201,0.011658748923698004,0.9680812719136325,0.840165081155184,840.1650811551839,0.2400253428665014,0.2,False,1.125883429040065,0.7141453667355835,0.0
1.9900000000000002,30.15075376884422,0.3638120920529593,0.35226083000042396,0.011551262052535316,0.9682493729459277,0.8411988620410125,841.1988620410125,0.24023981731408728,0.2,False,1.127268771986016,0.7132677266635997,0.0
2.0,30.0,0.36237184837822667,0.350926594572087,0.011445253806139644,0.9684157203233027,0.8422238269730089,842.2238269730088,0.24045244837596377,0.2,False,1.128642300900947,0.7123996980190263,0.0
