regime,radius_um,Bi,Cs_over_Cbulk,eta_overall
Microporous_POP,10,0.1,0.5614746006625236,0.5527631084085837
Microporous_POP,10,1.0,0.9275556356343925,0.9131642567093391
Microporous_POP,10,10.0,0.9922502825438262,0.9768551415345078
Microporous_POP,10,100.0,0.9992195850586179,0.9837163126666842
Microporous_POP,10,1000.0,0.9999219036530613,0.984407734520673
Microporous_POP,25,0.1,0.18092077692438552,0.16519244835138447
Microporous_POP,25,1.0,0.6883600514444675,0.6285175433052754
Microporous_POP,25,10.0,0.9566880425806384,0.873518468961914
Microporous_POP,25,100.0,0.9954931227500751,0.908950033598297
Microporous_POP,25,1000.0,0.9995474767549611,0.9126519227673352
Microporous_POP,50,0.1,0.06342506682650376,0.047222265538159475
Microporous_POP,50,1.0,0.40376899108609016,0.3006206767633159
Microporous_POP,50,10.0,0.87133336558042,0.6487393332079667
Microporous_POP,50,100.0,0.9854482435878404,0.7337020039744286
Microporous_POP,50,1000.0,0.9985255136289297,0.7434385064220143
Microporous_POP,100,0.1,0.02513137938413083,0.012288259923729445
Microporous_POP,100,1.0,0.20495628617587305,0.10021559417951179
Microporous_POP,100,10.0,0.7205083751656508,0.3523003674382553
Microporous_POP,100,100.0,0.9626576511324563,0.47070187648164397
Microporous_POP,100,1000.0,0.996135900000013,0.48707142856980384
Microporous_POP,200,0.1,0.011290442478489586,0.003115681378744256
Microporous_POP,200,1.0,0.10249000702452254,0.028282877929899496
Microporous_POP,200,10.0,0.5331329094939103,0.14712198230233917
Microporous_POP,200,100.0,0.919480632325268,0.2537375031766762
Microporous_POP,200,1000.0,0.9913189713916472,0.2735618258934752
Hierarchical_POP,10,0.1,0.9861971048786417,0.985921080097024
Hierarchical_POP,10,1.0,0.9986023480083935,0.998322851147504
Hierarchical_POP,10,10.0,0.9998600587706152,0.9995802098915167
Hierarchical_POP,10,100.0,0.9999860041143203,0.9997061199846254
Hierarchical_POP,10,1000.0,0.9999986003938022,0.9997187127385594
Hierarchical_POP,25,0.1,0.9196694006783926,0.9180639922469414
Hierarchical_POP,25,1.0,0.9913409091026083,0.9896103882733387
Hierarchical_POP,25,10.0,0.9991272897203863,0.9973831767012656
Hierarchical_POP,25,100.0,0.9999126603720665,0.9981671763813063
Hierarchical_POP,25,1000.0,0.9999912653506138,0.9982456441441375
Hierarchical_POP,50,0.1,0.7420741405355983,0.7369310270411481
Hierarchical_POP,50,1.0,0.9664100747474653,0.9597121500724202
Hierarchical_POP,50,10.0,0.9965362964868534,0.9896295751847585
Hierarchical_POP,50,100.0,0.9996525465204312,0.9927242273391969
Hierarchical_POP,50,1000.0,0.9999652437834916,0.9930347573828038
Hierarchical_POP,100,0.1,0.42331539514635763,0.41191757489545894
Hierarchical_POP,100,1.0,0.8801031265184093,0.8564062391542193
Hierarchical_POP,100,10.0,0.9865600449170836,0.9599967916368769
Hierarchical_POP,100,100.0,0.9986395485256716,0.9717510530916728
Hierarchical_POP,100,1000.0,0.9998637880738229,0.9729423298360285
Hierarchical_POP,200,0.1,0.16505087484816408,0.14909805806282792
Hierarchical_POP,200,1.0,0.6640662736595778,0.5998816541793255
Hierarchical_POP,200,10.0,0.9518484796813029,0.8598485771195897
Hierarchical_POP,200,100.0,0.9949667240686814,0.8987992734497405
Hierarchical_POP,200,1000.0,0.9994943819833739,0.9028893154036197
