r_over_R,c_fvm,c_analytic
0.0015625,0.9614077674585154,0.9614078552179928
0.004687500000000001,0.9614085122991686,0.9614086000588583
0.0078125,0.9614100019814846,0.9614100897416277
0.010937500000000001,0.9614122365075476,0.9614123242683786
0.0140625,0.9614152158804752,0.9614153036422276
0.0171875,0.9614189401044226,0.9614190278673289
0.020312500000000004,0.961423409184584,0.9614234969488763
0.0234375,0.9614286231271919,0.9614287108931019
0.026562500000000003,0.9614345819395174,0.9614346697072768
0.0296875,0.9614412856298702,0.9614413733997109
0.0328125,0.961448734207599,0.9614488219797529
0.035937500000000004,0.961456927683091,0.9614570154577895
0.0390625,0.9614658660677723,0.9614659538452475
0.0421875,0.9614755493741078,0.9614756371545917
0.045312500000000006,0.9614859776156018,0.9614860653993255
0.0484375,0.9614971508067969,0.9614972385939919
0.051562500000000004,0.9615090689632741,0.9615091567541723
0.0546875,0.9615217321016544,0.9615218198964872
0.0578125,0.9615351402395969,0.9615352280385959
0.060937500000000006,0.9615492933958002,0.9615493811991968
0.0640625,0.9615641915900016,0.9615642793980271
0.06718750000000001,0.9615798348429772,0.9615799226558635
0.0703125,0.9615962231765424,0.9615963109945213
0.07343750000000002,0.9616133566135519,0.9616134444368546
0.0765625,0.9616312351778991,0.9616313230067578
0.0796875,0.961649858894517,0.9616499467291633
0.08281250000000001,0.9616692277893778,0.9616693156300432
0.0859375,0.9616893418894924,0.9616894297364093
0.08906250000000002,0.9617102012229118,0.9617102890763115
0.0921875,0.9617318058187261,0.9617318936788406
0.0953125,0.9617541557070644,0.9617542435741254
0.09843750000000001,0.9617772509190955,0.9617773387933352
0.1015625,0.9618010914870284,0.9618011793686781
0.10468750000000002,0.9618256774441106,0.9618257653334024
0.1078125,0.9618510088246298,0.9618510967217951
0.1109375,0.9618770856639131,0.9618771735691838
0.11406250000000001,0.9619039079983273,0.9619039959119355
0.1171875,0.9619314758652794,0.9619315637874567
0.12031250000000002,0.9619597893032157,0.9619598772341944
0.1234375,0.9619888483516228,0.9619889362916345
0.12656250000000002,0.9620186530510272,0.962018741000304
0.1296875,0.9620492034429952,0.9620492914017693
0.1328125,0.9620804995701336,0.962080587538637
0.1359375,0.9621125414760893,0.9621126294545542
0.1390625,0.9621453292055493,0.9621454171942075
0.14218750000000002,0.9621788628042411,0.9621789508033252
0.1453125,0.9622131423189325,0.9622132303286742
0.1484375,0.9622481677974318,0.9622482558180634
0.15156250000000002,0.9622839392885882,0.9622840273203418
0.1546875,0.962320456842291,0.9623205448853986
0.15781250000000002,0.9623577205094704,0.9623578085641644
0.1609375,0.9623957303420979,0.9623958184086102
0.1640625,0.9624344863931851,0.962434574471748
0.16718750000000002,0.9624739887167849,0.962474076807631
0.1703125,0.9625142373679919,0.9625143254713531
0.17343750000000002,0.9625552324029409,0.9625553205190496
0.1765625,0.9625969738788086,0.962597062007897
0.1796875,0.9626394618538128,0.9626395499961136
0.18281250000000002,0.9626826963872127,0.9626827845429579
0.1859375,0.9627266775393095,0.9627267657087315
0.18906250000000002,0.9627714053714458,0.9627714935547772
0.1921875,0.9628168799460055,0.9628169681434786
0.1953125,0.962863101326415,0.9628631895382621
0.19843750000000002,0.9629100695771421,0.9629101578035963
0.2015625,0.9629577847636973,0.9629578730049909
0.20468750000000002,0.9630062469526329,0.9630063352089986
0.2078125,0.9630554562115435,0.963055544483214
0.2109375,0.9631054126090665,0.9631055008962742
0.21406250000000002,0.9631561162148812,0.9631562045178589
0.2171875,0.9632075670997099,0.9632076554186902
0.22031250000000002,0.9632597653353175,0.9632598536705335
0.2234375,0.963312710994512,0.9633127993461961
0.2265625,0.9633664041511442,0.9633664925195292
0.22968750000000002,0.9634208448801077,0.963420933265427
0.2328125,0.9634760332573403,0.9634761216598264
0.23593750000000002,0.9635319693598222,0.9635320577797083
0.2390625,0.9635886532655773,0.9635887417030965
0.2421875,0.9636460850536733,0.9636461735090588
0.24531250000000002,0.9637042648042219,0.9637043532777065
0.2484375,0.9637631925983783,0.9637632810901956
0.2515625,0.9638228685183415,0.9638229570287247
0.2546875,0.9638832926473553,0.9638833811765378
0.2578125,0.9639444650697075,0.9639445536179224
0.26093750000000004,0.9640063858707305,0.9640064744382114
0.2640625,0.9640690551368012,0.964069143723781
0.2671875,0.9641324729553408,0.9641325615620528
0.2703125,0.9641966394148155,0.9641967280414937
0.2734375,0.9642615546047374,0.9642616432516148
0.27656250000000004,0.9643272186156626,0.9643273072829728
0.2796875,0.964393631539193,0.9643937202271698
0.2828125,0.964460793467976,0.9644608821768528
0.2859375,0.9645287044957044,0.964528793225715
0.2890625,0.964597364717117,0.9645974534684951
0.29218750000000004,0.9646667742279986,0.9646668630009783
0.2953125,0.96473693312518,0.9647370219199948
0.2984375,0.9648078415065383,0.9648079303234218
0.30156250000000007,0.9648794994709966,0.9648795883101831
0.3046875,0.9649519071185251,0.9649519959802483
0.30781250000000004,0.9650250645501403,0.9650251534346344
0.3109375,0.9650989718679059,0.9650990607754051
0.3140625,0.965173629174933,0.9651737181056712
0.31718750000000007,0.9652490365753794,0.9652491255295907
0.3203125,0.9653251941744506,0.9653252831523693
0.32343750000000004,0.9654021020783994,0.9654021910802597
0.3265625,0.9654797603945268,0.9654798494205629
0.3296875,0.9655581692311811,0.9655582582816277
0.33281250000000007,0.9656373286977595,0.965637417772851
0.3359375,0.9657172389047073,0.9657173280046781
0.33906250000000004,0.9657978999635182,0.9657979890886028
0.3421875,0.9658793119867344,0.9658794011371675
0.3453125,0.9659614750879473,0.9659615642639633
0.34843750000000007,0.9660443893817969,0.9660444785836309
0.3515625,0.9661280549839733,0.9661281442118596
0.35468750000000004,0.9662124720112146,0.9662125612653886
0.3578125,0.9662976405813101,0.9662977298620067
0.3609375,0.9663835608130981,0.9663836501205523
0.36406250000000007,0.9664702328264668,0.966470322160914
0.3671875,0.9665576567423554,0.9665577461040304
0.37031250000000004,0.9666458326827528,0.966645922071891
0.3734375,0.966734760770699,0.9667348501875356
0.3765625,0.9668244411302843,0.966824530575055
0.37968750000000007,0.9669148738866506,0.9669149633595907
0.3828125,0.9670060591659909,0.9670061486673355
0.38593750000000004,0.9670979970955497,0.9670980866255343
0.3890625,0.9671906878036228,0.967190777362483
0.3921875,0.9672841314195582,0.9672842210075295
0.39531250000000007,0.967378328073756,0.9673784176910741
0.3984375,0.9674732778976685,0.9674733675445691
0.40156250000000004,0.9675689810238005,0.9675690707005192
0.4046875,0.9676654375857097,0.9676655272924827
0.4078125,0.9677626477180065,0.9677627374550699
0.41093750000000007,0.9678606115563548,0.9678607013239446
0.4140625,0.967959329237472,0.9679594190358243
0.41718750000000004,0.9680588008991289,0.9680588907284798
0.4203125,0.9681590266801503,0.968159116540736
0.4234375,0.9682600067204152,0.9682600966124718
0.42656250000000007,0.9683617411608567,0.9683618310846207
0.4296875,0.9684642301434624,0.9684643200991703
0.43281250000000004,0.968567473811275,0.9685675637991634
0.4359375,0.9686714723083922,0.9686715623286979
0.4390625,0.9687762257799669,0.9687763158329266
0.44218750000000007,0.9688817343722076,0.9688818244580581
0.4453125,0.9689879982323787,0.9689880883513565
0.44843750000000004,0.9690950175088002,0.9690951076611428
0.4515625,0.9692027923508488,0.969202882536793
0.4546875,0.9693113229089577,0.9693114131287406
0.45781250000000007,0.9694206093346165,0.9694206995884752
0.4609375,0.9695306517803718,0.969530742068544
0.46406250000000004,0.9696414503998282,0.9696415407225508
0.4671875,0.9697530053476472,0.9697530957051577
0.4703125,0.9698653167795483,0.969865407172084
0.47343750000000007,0.9699783848523087,0.9699784752801075
0.4765625,0.9700922097237643,0.9700923001870634
0.47968750000000004,0.9702067915528091,0.9702068820518465
0.4828125,0.9703221304993965,0.97032222103441
0.4859375,0.9704382267245387,0.9704383172957661
0.48906250000000007,0.9705550803903074,0.9705551709979867
0.4921875,0.9706726916598338,0.970672782304203
0.49531250000000004,0.970791060697309,0.9707911513786057
0.4984375,0.9709101876679841,0.9709102783864467
0.5015625,0.9710300727381708,0.9710301634940378
0.5046875,0.9711507160752416,0.9711508068687512
0.5078125,0.9712721178476301,0.9712722086790209
0.5109375,0.971394278224831,0.9713943690943412
0.5140625000000001,0.9715171973774003,0.9715172882852687
0.5171875,0.9716408754769561,0.9716409664234218
0.5203125,0.9717653126961786,0.9717654036814805
0.5234375,0.9718905092088105,0.9718906002331876
0.5265625,0.9720164651896572,0.972016556253349
0.5296875000000001,0.9721431808145871,0.9721432719178329
0.5328125,0.972270656260532,0.9722707474035707
0.5359375,0.972398891705487,0.9723989828885583
0.5390625,0.9725278873285111,0.9725279785518549
0.5421875,0.9726576433097279,0.9726577345735834
0.5453125000000001,0.9727881598303253,0.9727882511349322
0.5484375,0.9729194370725555,0.9729195284181535
0.5515625,0.9730514752197363,0.9730515666065652
0.5546875,0.9731842744562507,0.9731843658845504
0.5578125,0.9733178349675475,0.9733179264375581
0.5609375000000001,0.9734521569401415,0.9734522484521029
0.5640625,0.9735872405616137,0.9735873321157658
0.5671875,0.9737230860206114,0.9737231776171947
0.5703125,0.9738596935068492,0.9738597851461044
0.5734375,0.973997063211109,0.9739971548932762
0.5765625000000001,0.9741351953252403,0.9741352870505603
0.5796875,0.9742740900421604,0.974274181810874
0.5828125,0.9744137475558545,0.9744138393682023
0.5859375,0.9745541680613765,0.9745542599175995
0.5890625,0.9746953517548494,0.9746954436551886
0.5921875000000001,0.9748372988334655,0.9748373907781619
0.5953125,0.9749800094954861,0.9749801014847804
0.5984375000000001,0.9751234839402425,0.9751235759743764
0.6015625,0.9752677223681363,0.975267814447351
0.6046875,0.9754127249806394,0.9754128171051764
0.6078125000000001,0.9755584919802947,0.9755585841503956
0.6109375,0.9757050235707162,0.9757051157866227
0.6140625000000001,0.9758523199565893,0.9758524122185432
0.6171875,0.9760003813436714,0.9760004736519148
0.6203125,0.9761492079387919,0.976149300293567
0.6234375000000001,0.9762987999498532,0.9762988923514018
0.6265625,0.9764491575858303,0.9764492500343946
0.6296875000000001,0.9766002810567714,0.9766003735525937
0.6328125,0.9767521705737982,0.9767522631171207
0.6359375,0.9769048263491058,0.9769049189401715
0.6390625000000001,0.9770582485959646,0.9770583412350162
0.6421875,0.9772124375287191,0.9772125302159997
0.6453125000000001,0.9773673933627891,0.9773674860985415
0.6484375,0.9775231163146695,0.9775232090991367
0.6515625,0.9776796066019308,0.977679699435356
0.6546875000000001,0.97783686444322,0.9778369573258466
0.6578125,0.9779948900582599,0.9779949829903308
0.6609375000000001,0.9781536836678505,0.9781537766496097
0.6640625,0.9783132454938692,0.9783133385255599
0.6671875,0.9784735757592707,0.9784736688411365
0.6703125000000001,0.9786346746880874,0.9786347678203717
0.6734375,0.9787965425054298,0.9787966356883769
0.6765625000000001,0.9789591794374877,0.9789592726713415
0.6796875,0.9791225857115291,0.9791226789965339
0.6828125,0.979286761555902,0.9792868548923025
0.6859375000000001,0.9794517072000344,0.9794518005880748
0.6890625,0.9796174228744343,0.9796175163143589
0.6921875000000001,0.9797839088106898,0.9797840023027432
0.6953125,0.9799511652414701,0.9799512587858975
0.6984375,0.9801191924005256,0.9801192859975718
0.7015625000000001,0.9802879905226893,0.980288084172599
0.7046875,0.9804575598438752,0.9804576535468938
0.7078125000000001,0.9806279006010802,0.9806279943574532
0.7109375,0.9807990130323846,0.9807991068423568
0.7140625,0.9809708973769513,0.9809709912407683
0.7171875000000001,0.9811435538750269,0.9811436477929341
0.7203125,0.9813169827679427,0.9813170767401854
0.7234375000000001,0.9814911842981136,0.9814912783249379
0.7265625,0.9816661587090398,0.9816662527906915
0.7296875,0.9818419062453069,0.9818420003820321
0.7328125000000001,0.9820184271525861,0.9820185213446309
0.7359375,0.9821957216776347,0.9821958159252453
0.7390625000000001,0.9823737900682961,0.9823738843717192
0.7421875,0.9825526325735011,0.9825527269329833
0.7453125,0.9827322494432679,0.9827323438590561
0.7484375000000001,0.9829126409287022,0.9829127354010433
0.7515625,0.9830938072819982,0.9830939018111391
0.7546875000000001,0.9832757487564383,0.9832758433426262
0.7578125,0.9834584656063939,0.9834585602498761
0.7609375,0.9836419580873262,0.9836420527883502
0.7640625000000001,0.9838262264557863,0.9838263212145993
0.7671875,0.9840112709694151,0.9840113657862648
0.7703125000000001,0.9841970918869444,0.9841971867620788
0.7734375,0.9843836894681971,0.984383784401864
0.7765625,0.9845710639740877,0.9845711589665355
0.7796875000000001,0.984759215666623,0.9847593107180997
0.7828125,0.984948144808902,0.9849482399196559
0.7859375000000001,0.9851378516651167,0.9851379468353962
0.7890625,0.9853283365005522,0.985328431730606
0.7921875,0.9855195995815871,0.9855196948716642
0.7953125000000001,0.985711641175695,0.9857117365260444
0.7984375,0.9859044615514437,0.9859045569623144
0.8015625000000001,0.9860980609784963,0.9860981564501374
0.8046875,0.986292439727611,0.9862925352602716
0.8078125,0.9864875980706425,0.9864876936645722
0.8109375000000001,0.9866835362805414,0.9866836319359901
0.8140625,0.9868802546313558,0.986880350348573
0.8171875000000001,0.9870777533982308,0.9870778491774664
0.8203125,0.9872760328574093,0.9872761286989133
0.8234375,0.9874750932862326,0.987475189190255
0.8265625000000001,0.987674934963141,0.9876750309299321
0.8296875,0.9878755581676733,0.9878756541974837
0.8328125000000001,0.9880769631804683,0.9880770592735487
0.8359375,0.9882791502832654,0.9882792464398663
0.8390625,0.988482119758904,0.9884822159792762
0.8421875000000001,0.9886858718913247,0.9886859681757191
0.8453125,0.9888904069655697,0.9888905033142374
0.8484375000000001,0.9890957252677831,0.9890958216809758
0.8515625,0.9893018270852114,0.9893019235631806
0.8546875,0.9895087127062044,0.9895088092492018
0.8578125000000001,0.9897163824202153,0.9897164790284928
0.8609375,0.9899248365178012,0.9899249331916105
0.8640625000000001,0.9901340752906234,0.9901341720302167
0.8671875,0.9903440990314483,0.9903441958370777
0.8703125,0.9905549080341477,0.9905550049060656
0.8734375000000001,0.9907665025936991,0.9907665995321582
0.8765625,0.9909788830061865,0.9909789800114394
0.8796875000000001,0.9911920495688007,0.9911921466411002
0.8828125,0.9914060025798398,0.991406099719439
0.8859375,0.9916207423387098,0.9916208395458619
0.8890625000000001,0.9918362691459252,0.9918363664208835
0.8921875,0.992052583303109,0.992052680646127
0.8953125000000001,0.9922696851129937,0.9922697825243252
0.8984375,0.9924875748794221,0.9924876723593206
0.9015625,0.9927062529073466,0.9927063504560663
0.9046875000000001,0.992925719502831,0.9929258171206258
0.9078125,0.9931459749730503,0.9931460726601743
0.9109375000000001,0.9933670196262914,0.9933671173829989
0.9140625,0.9935888537719536,0.993588951598499
0.9171875,0.9938114777205491,0.9938115756171869
0.9203125000000001,0.9940348917837031,0.9940349897506885
0.9234375,0.9942590962741552,0.9942591943117435
0.9265625000000001,0.9944840915057592,0.9944841896142056
0.9296875,0.9947098777934843,0.9947099759730444
0.9328125,0.9949364554534151,0.9949365537043444
0.9359375000000001,0.995163824802752,0.9951639231253067
0.9390625,0.9953919861598122,0.9953920845542479
0.9421875000000001,0.99562093984403,0.9956210383106028
0.9453125,0.9958506861759571,0.9958507847149233
0.9484375,0.9960812254772632,0.9960813240888794
0.9515625000000001,0.9963125580707374,0.9963126567552602
0.9546875,0.9965446842802872,0.9965447830379736
0.9578125000000001,0.9967776044309405,0.9967777032620476
0.9609375,0.9970113188488454,0.9970114177536301
0.9640625,0.9972458278612708,0.9972459268399906
0.9671875000000001,0.9974811317966067,0.997481230849519
0.9703125,0.9977172309843655,0.9977173301117277
0.9734375000000001,0.997954125755182,0.9979542249572517
0.9765625,0.9981918164408139,0.9981919157178492
0.9796875,0.9984303033741424,0.998430402726401
0.9828125000000001,0.998669586889173,0.9986696863169134
0.9859375,0.9989096673210356,0.9989097668245164
0.9890625000000001,0.9991505450059862,0.9991506445854657
0.9921875,0.9993922202814057,0.9993923199371426
0.9953125,0.9996346934858019,0.9996347932180552
0.9984375000000001,0.9998779649588094,0.999878064767838
