regime,radius_um,n_cells,eta_fvm,eta_exact,abs_error
Microporous_POP,10,40,0.9844684110306245,0.9844846191730477,1.62081424232019e-05
Microporous_POP,10,80,0.9844805668832228,0.9844846191730477,4.0522898249184536e-06
Microporous_POP,10,160,0.9844836060847131,0.9844846191730477,1.0130883346670672e-06
Microporous_POP,10,320,0.9844843658999549,0.9844846191730477,2.532730928317406e-07
Microporous_POP,25,40,0.9129726159778985,0.9130651059520124,9.248997411392956e-05
Microporous_POP,25,80,0.9130419800400639,0.9130651059520124,2.312591194852942e-05
Microporous_POP,25,160,0.9130593242603399,0.9130651059520124,5.781691672535061e-06
Microporous_POP,25,320,0.9130636605157619,0.9130651059520124,1.445436250469001e-06
Microporous_POP,50,40,0.7442411712152307,0.7445363150713539,0.00029514385612317007
Microporous_POP,50,80,0.7444624942450093,0.7445363150713539,7.382082634455056e-05
Microporous_POP,50,160,0.744517857684434,0.7445363150713539,1.8457386919856766e-05
Microporous_POP,50,320,0.7445317005883699,0.7445363150713539,4.614482983944512e-06
Microporous_POP,100,40,0.4881735354732618,0.48896082208240615,0.0007872866091443442
Microporous_POP,100,80,0.48876362681051244,0.48896082208240615,0.0001971952718937131
Microporous_POP,100,160,0.48891149985013044,0.48896082208240615,4.932223227571697e-05
Microporous_POP,100,320,0.48894849005996344,0.48896082208240615,1.2332022442718138e-05
Microporous_POP,200,40,0.2740981476287095,0.27595742015250635,0.0018592725237968621
Microporous_POP,200,80,0.27548894547042174,0.27595742015250635,0.0004684746820846075
Microporous_POP,200,160,0.27584007041076775,0.27595742015250635,0.0001173497417386038
Microporous_POP,200,320,0.2759280682349945,0.27595742015250635,2.9351917511855063e-05
Hierarchical_POP,10,40,0.9997198204066714,0.9997201119530241,2.9154635272643503e-07
Hierarchical_POP,10,80,0.999720039062963,0.9997201119530241,7.289006109800766e-08
Hierarchical_POP,10,160,0.9997200937302484,0.9997201119530241,1.8222775732823493e-08
Hierarchical_POP,10,320,0.9997201073971951,0.9997201119530241,4.55582904734797e-09
Hierarchical_POP,25,40,0.9982525447217561,0.9982543635460014,1.8188242453254233e-06
Hierarchical_POP,25,80,0.9982539088178226,0.9982543635460014,4.547281787781188e-07
Hierarchical_POP,25,160,0.9982542498626183,0.9982543635460014,1.136833830406303e-07
Hierarchical_POP,25,320,0.9982543351250199,0.9982543635460014,2.842098145716676e-08
Hierarchical_POP,50,40,0.993062044536805,0.993069272713454,7.228176648998996e-06
Hierarchical_POP,50,80,0.9930674655719711,0.993069272713454,1.8071414829012866e-06
Hierarchical_POP,50,160,0.9930688209220078,0.993069272713454,4.5179144625429046e-07
Hierarchical_POP,50,320,0.9930691597652123,0.993069272713454,1.129482417594474e-07
Hierarchical_POP,100,40,0.9730466800413228,0.9730748742389631,2.8194197640329932e-05
Hierarchical_POP,100,80,0.9730678251613125,0.9730748742389631,7.049077650589375e-06
Hierarchical_POP,100,160,0.973073111936566,0.9730748742389631,1.7623023971236051e-06
Hierarchical_POP,100,320,0.9730744336613046,0.9730748742389631,4.405776584670562e-07
Hierarchical_POP,200,40,0.9032429090581857,0.9033460634485475,0.00010315439036179264
Hierarchical_POP,200,80,0.9033202706934698,0.9033460634485475,2.579275507774703e-05
Hierarchical_POP,200,160,0.9033396149999052,0.9033460634485475,6.448448642282223e-06
Hierarchical_POP,200,320,0.9033444513201985,0.9033460634485475,1.6121283490377891e-06
