input_lowest_frequency_cm,floor_cm,temperature_K,modified_modes,vibrational_entropy_cal_mol_K,ZPVE_kcal_mol,G_correction_kcal_mol
1.0,,298.15,0,13.338231246382874,2.1457872254264365,-15.707636188479798
1.0,50.0,298.15,1,5.569053997479915,2.2158362421125757,-13.388385485978317
1.0,100.0,298.15,1,4.205985788039211,2.2873148305678197,-12.973404971067408
50.0,,298.15,0,5.569053997479915,2.2158362421125757,-13.388385485978317
50.0,50.0,298.15,0,5.569053997479915,2.2158362421125757,-13.388385485978317
50.0,100.0,298.15,1,4.205985788039211,2.2873148305678197,-12.973404971067408
200.0,,298.15,0,2.884764978065932,2.4302720074783086,-12.545643845561104
200.0,50.0,298.15,0,2.884764978065932,2.4302720074783086,-12.545643845561104
200.0,100.0,298.15,0,2.884764978065932,2.4302720074783086,-12.545643845561104
