time_s,cycle_wait_CDF
0.0,0.0
0.002,0.0013322851353746445
0.004,0.00858903636733499
0.006,0.023634422669307265
0.008,0.046176485658114164
0.01,0.07507573366954612
0.012,0.10895826172240552
0.014,0.14648925633289978
0.016,0.18648272227314577
0.018000000000000002,0.22793400422454968
0.02,0.2700174613556301
0.022,0.3120697919176896
0.024,0.35356873037920344
0.026000000000000002,0.3941115582040631
0.028,0.433395305428243
0.03,0.47119929687971496
0.032,0.5073701318209469
0.034,0.5418089412229108
0.036000000000000004,0.5744606760353717
0.038,0.6053051606964569
0.04,0.634349658693347
0.042,0.6616227219538454
0.044,0.6871691241356882
0.046,0.7110457054034219
0.048,0.7333179813758638
0.05,0.7540573910716314
0.052000000000000005,0.7733390778803301
0.054,0.7912401140679513
0.056,0.8078380933883103
0.058,0.8232100283289352
0.06,0.8374314986613096
0.062,0.8505760065531407
0.064,0.8627145007632785
0.066,0.87391503857596
0.068,0.8842425593100038
0.07,0.8937587476055909
0.07200000000000001,0.9025219683700021
0.074,0.910587258359439
0.076,0.9180063619762753
0.078,0.9248278010458097
0.08,0.9310969701683388
0.082,0.9368562507758812
0.084,0.9421451383046446
0.08600000000000001,0.9470003779636706
0.088,0.9514561054704249
0.09,0.9555439898636771
0.092,0.9592933761167626
0.094,0.9627314257805168
0.096,0.9658832543019185
0.098,0.9687720640062837
0.1,0.9714192720099228
0.10200000000000001,0.9738446325568473
0.10400000000000001,0.9760663534560862
0.106,0.9781012064427971
0.108,0.9799646314027861
0.11,0.9816708344915066
0.112,0.9832328802494281
0.114,0.9846627778695327
0.116,0.9859715618126585
0.11800000000000001,0.9871693669950474
0.12,0.9882654987918987
0.122,0.9892684981127722
0.124,0.9901862018108066
0.126,0.9910257986891543
0.128,0.991793881365795
0.13,0.9924964942528341
0.132,0.9931391778991793
0.134,0.9937270099367189
0.136,0.994264642860232
0.138,0.9947563388606241
0.14,0.9952060019200124
0.14200000000000002,0.9956172073658985
0.14400000000000002,0.9959932290703785
0.146,0.996337064469171
0.148,0.9966514575643348
0.15,0.9969389200639494
0.152,0.9972017508018445
0.154,0.997442053570698
0.156,0.9976617534925222
0.158,0.9978626120417403
0.16,0.9980462408277189
0.162,0.9982141142357676
0.164,0.9983675810182476
0.166,0.9985078749205172
0.168,0.9986361244199828
0.17,0.9987533616504998
0.17200000000000001,0.9988605305787522
0.17400000000000002,0.9989584944940232
0.176,0.9990480428679176
0.178,0.9991298976361103
0.18,0.9992047189500257
0.182,0.9992731104425047
0.184,0.9993356240479548
0.186,0.9993927644141917
0.188,0.9994449929401441
0.19,0.9994927314707998
0.192,0.9995363656781872
0.194,0.9995762481548174
0.196,0.9996127012438226
0.198,0.999646019628018
0.2,0.999676472698265
0.202,0.9997043067198146
0.20400000000000001,0.9997297468137507
0.20600000000000002,0.9997529987692144
0.20800000000000002,0.9997742507007823
0.21,0.9997936745641554
0.212,0.9998114275422147
0.214,0.9998276533124784
0.216,0.9998424832060642
0.218,0.9998560372674093
0.22,0.9998684252232131
0.222,0.9998797473683504
0.224,0.9998900953758515
0.226,0.9998995530374335
0.228,0.9999081969405231
0.23,0.9999160970872034
0.232,0.9999233174600533
0.234,0.9999299165394271
0.23600000000000002,0.9999359477763325
0.23800000000000002,0.9999414600247113
0.24,0.9999464979365997
0.242,0.9999511023233546
0.244,0.9999553104858503
0.246,0.9999591565163112
0.248,0.9999626715742114
0.25,0.9999658841384672
0.252,0.9999688202379574
0.254,0.9999715036622308
0.256,0.9999739561541031
0.258,0.999976197585698
0.26,0.9999782461193534
0.262,0.9999801183546949
0.264,0.9999818294630625
0.266,0.9999833933103786
0.268,0.9999848225694503
0.27,0.9999861288226144
0.272,0.9999873226555532
0.274,0.9999884137430428
0.276,0.9999894109273252
0.278,0.9999903222897398
0.28,0.9999911552161926
0.28200000000000003,0.9999919164569943
0.28400000000000003,0.9999926121815497
0.28600000000000003,0.9999932480283436
0.28800000000000003,0.9999938291506251
0.29,0.9999943602581625
0.292,0.999994845655405
0.294,0.9999952892763616
0.296,0.9999956947164784
0.298,0.999996065261774
0.3,0.9999964039154667
